[2106373640][WRN][CAPTURE] DuplicateOutput1 failed: 0x887A0004, falling back
[2106373643][INF][CAPTURE] DuplicateOutput fallback: BGRA SDR
[2106373643][INF][CAPTURE] Initialized DXGI capture: 3440x1440 on monitor 0
[2106373643][INF][HOST] Capture: 3440x1440
[2106373649][INF][ENCODE] AMF loaded successfully
[2106373782][INF][ENCODE] AMF HEVC 10-bit encoder initialized: 3440x1440 @ 60 fps, 15000 kbps, SDR
[2106373784][INF][HostSession] Listening on port 9886
[2106373784][INF][HOST] Waiting for client on port 9886... (Ctrl+C to stop)
[2106373794][DBG][CAPTURE] capture_frame: 9.25ms
[2106373866][DBG][ENCODE] encode: 70.89ms
[2106373892][DBG][CAPTURE] capture_frame: 25.42ms
[2106373908][DBG][CAPTURE] capture_frame: 16.07ms
[2106373911][DBG][CAPTURE] capture_frame: 2.51ms
[2106373913][DBG][ENCODE] encode: 1.95ms
[2106373933][DBG][CAPTURE] capture_frame: 20.18ms
[2106373934][DBG][ENCODE] encode: 1.06ms
[2106373948][DBG][CAPTURE] capture_frame: 13.90ms
[2106373949][DBG][ENCODE] encode: 0.80ms
[2106373971][DBG][CAPTURE] capture_frame: 21.23ms
[2106373971][DBG][ENCODE] encode: 0.71ms
[2106373987][DBG][CAPTURE] capture_frame: 15.60ms
[2106373989][DBG][CAPTURE] capture_frame: 1.70ms
[2106373989][DBG][ENCODE] encode: 0.58ms
[2106374004][DBG][CAPTURE] capture_frame: 14.07ms
[2106374004][DBG][ENCODE] encode: 0.78ms
[2106374025][DBG][CAPTURE] capture_frame: 20.34ms
[2106374026][DBG][ENCODE] encode: 1.06ms
[2106374046][DBG][CAPTURE] capture_frame: 19.42ms
[2106374055][DBG][CAPTURE] capture_frame: 9.30ms
[2106374056][DBG][ENCODE] encode: 0.66ms
[2106374067][DBG][CAPTURE] capture_frame: 11.24ms
[2106374068][DBG][ENCODE] encode: 0.90ms
[2106374086][DBG][CAPTURE] capture_frame: 17.70ms
[2106374087][DBG][ENCODE] encode: 1.09ms
[2106374109][DBG][CAPTURE] capture_frame: 21.36ms
[2106374122][DBG][CAPTURE] capture_frame: 13.46ms
[2106374123][DBG][ENCODE] encode: 0.68ms
[2106374134][DBG][CAPTURE] capture_frame: 11.29ms
[2106374135][DBG][ENCODE] encode: 1.06ms
[2106374156][DBG][CAPTURE] capture_frame: 20.12ms
[2106374159][DBG][CAPTURE] capture_frame: 3.08ms
[2106374159][DBG][ENCODE] encode: 0.62ms
[2106374186][DBG][CAPTURE] capture_frame: 26.41ms
[2106374189][DBG][CAPTURE] capture_frame: 2.85ms
[2106374189][DBG][ENCODE] encode: 0.62ms
[2106374202][DBG][CAPTURE] capture_frame: 12.82ms
[2106374203][DBG][ENCODE] encode: 0.97ms
[2106374214][DBG][CAPTURE] capture_frame: 10.15ms
[2106374214][DBG][ENCODE] encode: 0.70ms
[2106374232][DBG][CAPTURE] capture_frame: 17.62ms
[2106374256][DBG][CAPTURE] capture_frame: 23.56ms
[2106374256][DBG][ENCODE] encode: 0.62ms
[2106374268][DBG][CAPTURE] capture_frame: 11.19ms
[2106374268][DBG][ENCODE] encode: 0.69ms
[2106374286][DBG][CAPTURE] capture_frame: 17.25ms
[2106374286][DBG][ENCODE] encode: 0.56ms
[2106374309][DBG][CAPTURE] capture_frame: 22.54ms
[2106374322][DBG][CAPTURE] capture_frame: 13.30ms
[2106374323][DBG][ENCODE] encode: 0.60ms
[2106374335][DBG][CAPTURE] capture_frame: 11.61ms
[2106374335][DBG][ENCODE] encode: 0.82ms
[2106374352][DBG][CAPTURE] capture_frame: 16.63ms
[2106374353][DBG][ENCODE] encode: 0.61ms
[2106374371][DBG][CAPTURE] capture_frame: 17.76ms
[2106374389][DBG][CAPTURE] capture_frame: 18.43ms
[2106374390][DBG][ENCODE] encode: 0.66ms
[2106374403][DBG][CAPTURE] capture_frame: 13.46ms
[2106374404][DBG][ENCODE] encode: 0.82ms
[2106374432][DBG][CAPTURE] capture_frame: 27.75ms
[2106374456][DBG][CAPTURE] capture_frame: 23.87ms
[2106374457][DBG][ENCODE] encode: 0.90ms
[2106374468][DBG][CAPTURE] capture_frame: 11.35ms
[2106374469][DBG][ENCODE] encode: 0.78ms
[2106374494][DBG][CAPTURE] capture_frame: 24.54ms
[2106374523][DBG][CAPTURE] capture_frame: 28.70ms
[2106374523][DBG][ENCODE] encode: 0.60ms
[2106374541][DBG][CAPTURE] capture_frame: 17.51ms
[2106374567][DBG][CAPTURE] capture_frame: 26.01ms
[2106374568][DBG][ENCODE] encode: 0.61ms
[2106374584][DBG][CAPTURE] capture_frame: 15.92ms
[2106374584][DBG][ENCODE] encode: 0.55ms
[2106374604][DBG][CAPTURE] capture_frame: 19.44ms
[2106374619][DBG][CAPTURE] capture_frame: 15.71ms
[2106374644][DBG][CAPTURE] capture_frame: 24.78ms
[2106374645][DBG][ENCODE] encode: 0.67ms
[2106374666][DBG][CAPTURE] capture_frame: 21.36ms
[2106374698][DBG][CAPTURE] capture_frame: 31.50ms
[2106374707][DBG][CAPTURE] capture_frame: 9.31ms
[2106374708][DBG][ENCODE] encode: 0.68ms
[2106374722][DBG][CAPTURE] capture_frame: 14.11ms
[2106374723][DBG][ENCODE] encode: 0.54ms
[2106374745][DBG][CAPTURE] capture_frame: 22.15ms
[2106374763][DBG][CAPTURE] capture_frame: 18.19ms
[2106374772][DBG][CAPTURE] capture_frame: 8.60ms
[2106374773][DBG][ENCODE] encode: 1.09ms
[2106374791][DBG][CAPTURE] capture_frame: 17.29ms
[2106374814][DBG][CAPTURE] capture_frame: 23.32ms
[2106374815][DBG][ENCODE] encode: 0.76ms
[2106374833][DBG][CAPTURE] capture_frame: 18.08ms
[2106374835][DBG][CAPTURE] capture_frame: 1.96ms
[2106374836][DBG][ENCODE] encode: 0.95ms
[2106374850][DBG][CAPTURE] capture_frame: 14.03ms
[2106374851][DBG][ENCODE] encode: 0.62ms
[2106374862][DBG][CAPTURE] capture_frame: 11.39ms
[2106374863][DBG][ENCODE] encode: 0.87ms
[2106374890][DBG][CAPTURE] capture_frame: 26.96ms
[2106374899][DBG][CAPTURE] capture_frame: 9.11ms
[2106374900][DBG][ENCODE] encode: 0.74ms
[2106374911][DBG][CAPTURE] capture_frame: 10.51ms
[2106374912][DBG][ENCODE] encode: 0.80ms
[2106374927][DBG][CAPTURE] capture_frame: 15.56ms
[2106374928][DBG][ENCODE] encode: 0.96ms
[2106374957][DBG][CAPTURE] capture_frame: 28.51ms
[2106374973][DBG][CAPTURE] capture_frame: 15.95ms
[2106374974][DBG][ENCODE] encode: 0.67ms
[2106374994][DBG][CAPTURE] capture_frame: 20.36ms
[2106374995][DBG][ENCODE] encode: 0.79ms
[2106375012][DBG][CAPTURE] capture_frame: 16.79ms
[2106375027][DBG][CAPTURE] capture_frame: 14.77ms
[2106375027][DBG][ENCODE] encode: 0.62ms
[2106375043][DBG][CAPTURE] capture_frame: 15.96ms
[2106375065][DBG][CAPTURE] capture_frame: 21.76ms
[2106375066][DBG][ENCODE] encode: 0.79ms
[2106375089][DBG][CAPTURE] capture_frame: 22.97ms
[2106375094][DBG][CAPTURE] capture_frame: 4.28ms
[2106375094][DBG][ENCODE] encode: 0.70ms
[2106375111][DBG][CAPTURE] capture_frame: 16.71ms
[2106375112][DBG][ENCODE] encode: 0.84ms
[2106375128][DBG][CAPTURE] capture_frame: 15.63ms
[2106375128][DBG][ENCODE] encode: 0.76ms
[2106375147][DBG][CAPTURE] capture_frame: 18.38ms
[2106375161][DBG][CAPTURE] capture_frame: 13.58ms
[2106375161][DBG][ENCODE] encode: 0.70ms
[2106375188][DBG][CAPTURE] capture_frame: 26.80ms
[2106375190][DBG][CAPTURE] capture_frame: 1.75ms
[2106375191][DBG][ENCODE] encode: 0.89ms
[2106375208][DBG][CAPTURE] capture_frame: 17.14ms
[2106375209][DBG][ENCODE] encode: 1.06ms
[2106375226][DBG][CAPTURE] capture_frame: 16.91ms
[2106375228][DBG][CAPTURE] capture_frame: 1.65ms
[2106375229][DBG][ENCODE] encode: 0.69ms
[2106375251][DBG][CAPTURE] capture_frame: 21.65ms
[2106375251][DBG][ENCODE] encode: 0.78ms
[2106375270][DBG][CAPTURE] capture_frame: 18.34ms
[2106375271][DBG][ENCODE] encode: 0.79ms
[2106375287][DBG][CAPTURE] capture_frame: 16.11ms
[2106375288][DBG][ENCODE] encode: 1.15ms
[2106375305][DBG][CAPTURE] capture_frame: 16.34ms
[2106375306][DBG][ENCODE] encode: 1.14ms
[2106375322][DBG][CAPTURE] capture_frame: 16.61ms
[2106375324][DBG][CAPTURE] capture_frame: 1.67ms
[2106375325][DBG][ENCODE] encode: 0.82ms
[2106375342][DBG][CAPTURE] capture_frame: 16.62ms
[2106375343][DBG][ENCODE] encode: 0.86ms
[2106375360][DBG][CAPTURE] capture_frame: 16.99ms
[2106375361][DBG][ENCODE] encode: 0.71ms
[2106375372][DBG][CAPTURE] capture_frame: 11.52ms
[2106375373][DBG][ENCODE] encode: 0.97ms
[2106375386][DBG][CAPTURE] capture_frame: 12.55ms
[2106375387][DBG][ENCODE] encode: 0.88ms
[2106375387][INF][HOST] Frames: 60, FPS: 37.4, RTT: 0.0ms, state: waiting
[2106375403][DBG][CAPTURE] capture_frame: 16.01ms
[2106375405][DBG][ENCODE] encode: 1.53ms
[2106375420][DBG][CAPTURE] capture_frame: 14.93ms
[2106375420][DBG][ENCODE] encode: 0.74ms
[2106375440][DBG][CAPTURE] capture_frame: 19.59ms
[2106375452][DBG][CAPTURE] capture_frame: 11.53ms
[2106375452][DBG][ENCODE] encode: 0.64ms
[2106375471][DBG][CAPTURE] capture_frame: 18.37ms
[2106375474][DBG][CAPTURE] capture_frame: 3.49ms
[2106375475][DBG][ENCODE] encode: 0.64ms
[2106375499][DBG][CAPTURE] capture_frame: 23.61ms
[2106375501][DBG][CAPTURE] capture_frame: 2.25ms
[2106375502][DBG][ENCODE] encode: 0.62ms
[2106375527][DBG][CAPTURE] capture_frame: 24.97ms
[2106375555][DBG][CAPTURE] capture_frame: 27.65ms
[2106375555][DBG][CAPTURE] capture_frame: 0.19ms
[2106375556][DBG][ENCODE] encode: 0.71ms
[2106375571][DBG][CAPTURE] capture_frame: 15.10ms
[2106375595][DBG][CAPTURE] capture_frame: 24.26ms
[2106375622][DBG][CAPTURE] capture_frame: 26.58ms
[2106375622][DBG][ENCODE] encode: 0.59ms
[2106375637][DBG][CAPTURE] capture_frame: 14.40ms
[2106375665][DBG][CAPTURE] capture_frame: 28.09ms
[2106375665][DBG][CAPTURE] capture_frame: 0.39ms
[2106375666][DBG][ENCODE] encode: 0.57ms
[2106375690][DBG][CAPTURE] capture_frame: 23.75ms
[2106375691][DBG][ENCODE] encode: 0.65ms
[2106375717][DBG][CAPTURE] capture_frame: 26.21ms
[2106375730][DBG][CAPTURE] capture_frame: 12.94ms
[2106375731][DBG][ENCODE] encode: 0.61ms
[2106375745][DBG][CAPTURE] capture_frame: 14.43ms
[2106375755][DBG][CAPTURE] capture_frame: 9.80ms
[2106375756][DBG][ENCODE] encode: 0.68ms
[2106375774][DBG][CAPTURE] capture_frame: 18.78ms
[2106375795][DBG][CAPTURE] capture_frame: 20.07ms
[2106375795][DBG][ENCODE] encode: 0.65ms
[2106375816][DBG][CAPTURE] capture_frame: 21.00ms
[2106375817][DBG][ENCODE] encode: 0.67ms
[2106375833][DBG][CAPTURE] capture_frame: 15.98ms
[2106375834][DBG][ENCODE] encode: 0.87ms
[2106375851][DBG][CAPTURE] capture_frame: 16.41ms
[2106375862][DBG][CAPTURE] capture_frame: 11.56ms
[2106375863][DBG][ENCODE] encode: 0.75ms
[2106375877][DBG][CAPTURE] capture_frame: 13.54ms
[2106375877][DBG][ENCODE] encode: 0.70ms
[2106375888][DBG][CAPTURE] capture_frame: 10.96ms
[2106375889][DBG][ENCODE] encode: 0.56ms
[2106375900][DBG][CAPTURE] capture_frame: 10.87ms
[2106375901][DBG][ENCODE] encode: 0.93ms
[2106375924][DBG][CAPTURE] capture_frame: 22.98ms
[2106375928][DBG][CAPTURE] capture_frame: 4.32ms
[2106375930][DBG][ENCODE] encode: 1.02ms
[2106375943][DBG][CAPTURE] capture_frame: 13.66ms
[2106375944][DBG][ENCODE] encode: 0.67ms
[2106375962][DBG][CAPTURE] capture_frame: 17.56ms
[2106375963][DBG][ENCODE] encode: 0.79ms
[2106375986][DBG][CAPTURE] capture_frame: 23.42ms
[2106375987][DBG][ENCODE] encode: 0.66ms
[2106376004][DBG][CAPTURE] capture_frame: 16.70ms
[2106376004][DBG][ENCODE] encode: 0.81ms
[2106376023][DBG][CAPTURE] capture_frame: 18.43ms
[2106376024][DBG][ENCODE] encode: 0.78ms
[2106376035][DBG][CAPTURE] capture_frame: 10.91ms
[2106376036][DBG][ENCODE] encode: 0.85ms
[2106376064][DBG][CAPTURE] capture_frame: 28.64ms
[2106376065][DBG][CAPTURE] capture_frame: 1.01ms
[2106376066][DBG][ENCODE] encode: 0.69ms
[2106376087][DBG][CAPTURE] capture_frame: 20.44ms
[2106376088][DBG][ENCODE] encode: 1.31ms
[2106376101][DBG][CAPTURE] capture_frame: 12.33ms
[2106376102][DBG][ENCODE] encode: 1.12ms
[2106376120][DBG][CAPTURE] capture_frame: 17.74ms
[2106376121][DBG][ENCODE] encode: 1.01ms
[2106376131][DBG][CAPTURE] capture_frame: 9.73ms
[2106376132][DBG][ENCODE] encode: 1.16ms
[2106376154][DBG][CAPTURE] capture_frame: 22.16ms
[2106376156][DBG][ENCODE] encode: 1.70ms
[2106376167][DBG][CAPTURE] capture_frame: 11.18ms
[2106376169][DBG][ENCODE] encode: 1.23ms
[2106376187][DBG][CAPTURE] capture_frame: 17.88ms
[2106376192][DBG][CAPTURE] capture_frame: 5.46ms
[2106376193][DBG][ENCODE] encode: 0.74ms
[2106376210][DBG][CAPTURE] capture_frame: 16.51ms
[2106376210][DBG][ENCODE] encode: 0.68ms
[2106376221][DBG][CAPTURE] capture_frame: 10.52ms
[2106376222][DBG][ENCODE] encode: 1.10ms
[2106376234][DBG][CAPTURE] capture_frame: 11.95ms
[2106376235][DBG][ENCODE] encode: 0.97ms
[2106376246][DBG][CAPTURE] capture_frame: 10.98ms
[2106376247][DBG][ENCODE] encode: 0.71ms
[2106376263][DBG][CAPTURE] capture_frame: 15.86ms
[2106376264][DBG][ENCODE] encode: 1.00ms
[2106376287][DBG][CAPTURE] capture_frame: 23.03ms
[2106376288][DBG][ENCODE] encode: 1.23ms
[2106376301][DBG][CAPTURE] capture_frame: 12.14ms
[2106376301][DBG][ENCODE] encode: 0.71ms
[2106376313][DBG][CAPTURE] capture_frame: 11.23ms
[2106376313][DBG][ENCODE] encode: 0.61ms
[2106376329][DBG][CAPTURE] capture_frame: 15.57ms
[2106376330][DBG][ENCODE] encode: 1.22ms
[2106376352][DBG][CAPTURE] capture_frame: 21.51ms
[2106376354][DBG][CAPTURE] capture_frame: 2.14ms
[2106376355][DBG][ENCODE] encode: 1.08ms
[2106376367][DBG][CAPTURE] capture_frame: 12.09ms
[2106376368][DBG][ENCODE] encode: 0.79ms
[2106376380][DBG][CAPTURE] capture_frame: 11.69ms
[2106376381][DBG][ENCODE] encode: 0.62ms
[2106376396][DBG][CAPTURE] capture_frame: 15.14ms
[2106376397][DBG][ENCODE] encode: 1.40ms
[2106376414][DBG][CAPTURE] capture_frame: 16.01ms
[2106376422][DBG][CAPTURE] capture_frame: 8.13ms
[2106376423][DBG][ENCODE] encode: 0.85ms
[2106376434][DBG][CAPTURE] capture_frame: 11.59ms
[2106376435][DBG][ENCODE] encode: 0.90ms
[2106376447][DBG][CAPTURE] capture_frame: 11.44ms
[2106376447][DBG][ENCODE] encode: 0.55ms
[2106376466][DBG][CAPTURE] capture_frame: 18.48ms
[2106376467][DBG][ENCODE] encode: 0.64ms
[2106376490][DBG][CAPTURE] capture_frame: 23.02ms
[2106376491][DBG][CAPTURE] capture_frame: 1.50ms
[2106376492][DBG][ENCODE] encode: 0.64ms
[2106376508][DBG][CAPTURE] capture_frame: 15.53ms
[2106376508][DBG][ENCODE] encode: 0.77ms
[2106376536][DBG][CAPTURE] capture_frame: 27.37ms
[2106376539][DBG][CAPTURE] capture_frame: 2.62ms
[2106376539][DBG][ENCODE] encode: 0.87ms
[2106376552][DBG][CAPTURE] capture_frame: 12.87ms
[2106376553][DBG][ENCODE] encode: 0.90ms
[2106376581][DBG][CAPTURE] capture_frame: 27.25ms
[2106376581][DBG][ENCODE] encode: 0.72ms
[2106376596][DBG][CAPTURE] capture_frame: 14.89ms
[2106376597][DBG][ENCODE] encode: 0.67ms
[2106376613][DBG][CAPTURE] capture_frame: 16.23ms
[2106376621][DBG][CAPTURE] capture_frame: 7.89ms
[2106376623][DBG][ENCODE] encode: 1.03ms
[2106376642][DBG][CAPTURE] capture_frame: 19.18ms
[2106376642][DBG][ENCODE] encode: 0.58ms
[2106376659][DBG][CAPTURE] capture_frame: 16.08ms
[2106376659][DBG][CAPTURE] capture_frame: 0.09ms
[2106376660][DBG][ENCODE] encode: 0.80ms
[2106376672][DBG][CAPTURE] capture_frame: 12.68ms
[2106376673][DBG][ENCODE] encode: 0.59ms
[2106376673][INF][HOST] Frames: 120, FPS: 41.5, RTT: 0.0ms, state: waiting
[2106376689][DBG][CAPTURE] capture_frame: 16.14ms
[2106376690][DBG][ENCODE] encode: 0.88ms
[2106376721][DBG][CAPTURE] capture_frame: 30.69ms
[2106376738][DBG][CAPTURE] capture_frame: 17.59ms
[2106376739][DBG][ENCODE] encode: 0.74ms
[2106376743][DBG][CAPTURE] capture_frame: 3.29ms
[2106376746][DBG][ENCODE] encode: 3.05ms
[2106376768][DBG][CAPTURE] capture_frame: 22.34ms
[2106376768][INF][HostSession] Client connected from 127.0.0.1:64453
[2106376799][DBG][CAPTURE] capture_frame: 31.02ms
[2106376807][DBG][CAPTURE] capture_frame: 7.87ms
[2106376807][INF][HOST] IDR requested for new client
[2106376808][DBG][ENCODE] encode: 0.83ms
[2106376830][DBG][CAPTURE] capture_frame: 21.28ms
[2106376847][DBG][CAPTURE] capture_frame: 16.23ms
[2106376854][DBG][CAPTURE] capture_frame: 6.94ms
[2106376855][DBG][ENCODE] encode: 1.32ms
[2106376872][DBG][CAPTURE] capture_frame: 13.29ms
[2106376873][DBG][ENCODE] encode: 0.86ms
[2106376893][DBG][CAPTURE] capture_frame: 20.09ms
[2106376911][DBG][CAPTURE] capture_frame: 17.79ms
[2106376912][DBG][ENCODE] encode: 0.99ms
[2106376940][DBG][CAPTURE] capture_frame: 27.68ms
[2106376964][DBG][CAPTURE] capture_frame: 23.83ms
[2106376965][DBG][ENCODE] encode: 0.76ms
[2106376987][DBG][CAPTURE] capture_frame: 21.77ms
[2106377003][DBG][CAPTURE] capture_frame: 15.95ms
[2106377034][DBG][CAPTURE] capture_frame: 31.11ms
[2106377065][DBG][CAPTURE] capture_frame: 30.65ms
[2106377097][DBG][CAPTURE] capture_frame: 32.01ms
[2106377128][DBG][CAPTURE] capture_frame: 30.83ms
[2106377160][DBG][CAPTURE] capture_frame: 31.29ms
[2106377176][DBG][CAPTURE] capture_frame: 16.52ms
[2106377207][DBG][CAPTURE] capture_frame: 30.36ms
[2106377237][DBG][CAPTURE] capture_frame: 30.70ms
[2106377268][DBG][CAPTURE] capture_frame: 30.79ms
[2106377299][DBG][CAPTURE] capture_frame: 30.81ms
[2106377307][DBG][CAPTURE] capture_frame: 7.13ms
[2106377308][DBG][ENCODE] encode: 0.85ms
[2106377332][DBG][CAPTURE] capture_frame: 23.75ms
[2106377362][DBG][CAPTURE] capture_frame: 30.52ms
[2106377394][DBG][CAPTURE] capture_frame: 31.68ms
[2106377410][DBG][CAPTURE] capture_frame: 16.11ms
[2106377429][DBG][CAPTURE] capture_frame: 18.34ms
[2106377430][DBG][ENCODE] encode: 0.77ms
[2106377457][DBG][CAPTURE] capture_frame: 27.07ms
[2106377488][DBG][CAPTURE] capture_frame: 30.62ms
[2106377494][DBG][CAPTURE] capture_frame: 6.65ms
[2106377495][DBG][ENCODE] encode: 0.91ms
[2106377518][DBG][CAPTURE] capture_frame: 21.40ms
[2106377529][DBG][CAPTURE] capture_frame: 11.39ms
[2106377530][DBG][ENCODE] encode: 0.66ms
[2106377549][DBG][CAPTURE] capture_frame: 18.49ms
[2106377550][DBG][CAPTURE] capture_frame: 0.99ms
[2106377551][DBG][ENCODE] encode: 1.02ms
[2106377568][DBG][CAPTURE] capture_frame: 16.78ms
[2106377569][DBG][ENCODE] encode: 1.10ms
[2106377583][DBG][CAPTURE] capture_frame: 13.92ms
[2106377585][DBG][ENCODE] encode: 0.94ms
[2106377603][DBG][CAPTURE] capture_frame: 18.01ms
[2106377604][DBG][ENCODE] encode: 1.06ms
[2106377722][DBG][CAPTURE] capture_frame: 117.82ms
[2106377723][DBG][ENCODE] encode: 1.02ms
[2106377754][DBG][CAPTURE] capture_frame: 29.80ms
[2106377770][DBG][CAPTURE] capture_frame: 16.01ms
[2106377786][DBG][CAPTURE] capture_frame: 15.68ms
[2106377802][DBG][CAPTURE] capture_frame: 16.03ms
[2106377833][DBG][CAPTURE] capture_frame: 31.00ms
[2106377864][DBG][CAPTURE] capture_frame: 30.70ms
[2106377895][DBG][CAPTURE] capture_frame: 31.15ms
[2106377903][DBG][CAPTURE] capture_frame: 7.42ms
[2106377903][DBG][ENCODE] encode: 0.80ms
[2106377927][DBG][CAPTURE] capture_frame: 23.21ms
[2106377958][DBG][CAPTURE] capture_frame: 30.59ms
[2106377962][DBG][CAPTURE] capture_frame: 4.37ms
[2106377963][DBG][ENCODE] encode: 0.88ms
[2106377984][DBG][CAPTURE] capture_frame: 21.15ms
[2106377985][DBG][ENCODE] encode: 0.87ms
[2106378003][DBG][CAPTURE] capture_frame: 17.65ms
[2106378004][DBG][ENCODE] encode: 0.89ms
[2106378024][DBG][CAPTURE] capture_frame: 19.24ms
[2106378025][DBG][ENCODE] encode: 0.77ms
[2106378051][DBG][CAPTURE] capture_frame: 25.97ms
[2106378052][DBG][CAPTURE] capture_frame: 1.02ms
[2106378053][DBG][ENCODE] encode: 0.75ms
[2106378069][DBG][CAPTURE] capture_frame: 16.23ms
[2106378070][DBG][ENCODE] encode: 1.00ms
[2106378096][DBG][CAPTURE] capture_frame: 25.12ms
[2106378097][DBG][ENCODE] encode: 1.26ms
[2106378114][DBG][CAPTURE] capture_frame: 16.02ms
[2106378123][DBG][CAPTURE] capture_frame: 8.90ms
[2106378125][DBG][ENCODE] encode: 1.39ms
[2106378145][DBG][CAPTURE] capture_frame: 20.04ms
[2106378148][DBG][CAPTURE] capture_frame: 2.07ms
[2106378149][DBG][ENCODE] encode: 1.23ms
[2106378171][DBG][CAPTURE] capture_frame: 21.65ms
[2106378172][DBG][ENCODE] encode: 1.04ms
[2106378191][DBG][CAPTURE] capture_frame: 19.09ms
[2106378195][DBG][CAPTURE] capture_frame: 3.09ms
[2106378196][DBG][ENCODE] encode: 1.02ms
[2106378212][DBG][CAPTURE] capture_frame: 16.44ms
[2106378213][DBG][ENCODE] encode: 1.02ms
[2106378231][DBG][CAPTURE] capture_frame: 17.09ms
[2106378232][DBG][ENCODE] encode: 1.08ms
[2106378245][DBG][CAPTURE] capture_frame: 12.64ms
[2106378246][DBG][ENCODE] encode: 0.65ms
[2106378265][DBG][CAPTURE] capture_frame: 19.52ms
[2106378267][DBG][ENCODE] encode: 1.28ms
[2106378283][DBG][CAPTURE] capture_frame: 15.70ms
[2106378284][DBG][CAPTURE] capture_frame: 0.75ms
[2106378286][DBG][ENCODE] encode: 1.77ms
[2106378303][DBG][CAPTURE] capture_frame: 16.15ms
[2106378304][DBG][ENCODE] encode: 1.30ms
[2106378322][DBG][CAPTURE] capture_frame: 17.58ms
[2106378324][DBG][ENCODE] encode: 1.99ms
[2106378339][DBG][CAPTURE] capture_frame: 14.64ms
[2106378341][DBG][ENCODE] encode: 1.27ms
[2106378358][DBG][CAPTURE] capture_frame: 17.05ms
[2106378359][DBG][ENCODE] encode: 1.17ms
[2106378376][DBG][CAPTURE] capture_frame: 15.97ms
[2106378377][DBG][ENCODE] encode: 1.33ms
[2106378390][DBG][CAPTURE] capture_frame: 13.02ms
[2106378391][DBG][ENCODE] encode: 0.68ms
[2106378406][DBG][CAPTURE] capture_frame: 14.20ms
[2106378407][DBG][ENCODE] encode: 1.08ms
[2106378423][DBG][CAPTURE] capture_frame: 15.95ms
[2106378424][DBG][CAPTURE] capture_frame: 1.03ms
[2106378425][DBG][ENCODE] encode: 1.11ms
[2106378439][DBG][CAPTURE] capture_frame: 13.46ms
[2106378440][DBG][ENCODE] encode: 0.95ms
[2106378452][DBG][CAPTURE] capture_frame: 11.36ms
[2106378453][DBG][ENCODE] encode: 0.98ms
[2106378468][DBG][CAPTURE] capture_frame: 14.51ms
[2106378469][DBG][ENCODE] encode: 0.82ms
[2106378482][DBG][CAPTURE] capture_frame: 12.71ms
[2106378483][DBG][ENCODE] encode: 1.16ms
[2106378499][DBG][CAPTURE] capture_frame: 15.78ms
[2106378500][DBG][ENCODE] encode: 1.00ms
[2106378513][DBG][CAPTURE] capture_frame: 12.23ms
[2106378514][DBG][ENCODE] encode: 0.86ms
[2106378514][DBG][CAPTURE] capture_frame: 0.04ms
[2106378515][DBG][ENCODE] encode: 0.29ms
[2106378516][DBG][CAPTURE] capture_frame: 1.51ms
[2106378519][DBG][ENCODE] encode: 3.16ms
[2106378520][DBG][CAPTURE] capture_frame: 0.03ms
[2106378521][DBG][ENCODE] encode: 1.66ms
[2106378546][DBG][CAPTURE] capture_frame: 24.38ms
[2106378560][DBG][CAPTURE] capture_frame: 14.31ms
[2106378561][DBG][ENCODE] encode: 0.84ms
[2106378561][DBG][CAPTURE] capture_frame: 0.03ms
[2106378562][DBG][ENCODE] encode: 0.33ms
[2106378562][DBG][CAPTURE] capture_frame: 0.32ms
[2106378562][DBG][ENCODE] encode: 0.35ms
[2106378563][DBG][CAPTURE] capture_frame: 0.53ms
[2106378564][DBG][ENCODE] encode: 0.51ms
[2106378564][DBG][CAPTURE] capture_frame: 0.49ms
[2106378566][DBG][ENCODE] encode: 1.56ms
[2106378566][DBG][CAPTURE] capture_frame: 0.02ms
[2106378567][DBG][ENCODE] encode: 0.90ms
[2106378567][DBG][CAPTURE] capture_frame: 0.02ms
[2106378568][DBG][ENCODE] encode: 1.04ms
[2106378568][DBG][CAPTURE] capture_frame: 0.03ms
[2106378570][DBG][ENCODE] encode: 2.26ms
[2106378570][DBG][CAPTURE] capture_frame: 0.02ms
[2106378573][DBG][ENCODE] encode: 2.29ms
[2106378573][DBG][CAPTURE] capture_frame: 0.04ms
[2106378574][DBG][ENCODE] encode: 1.05ms
[2106378574][DBG][CAPTURE] capture_frame: 0.04ms
[2106378575][DBG][ENCODE] encode: 1.00ms
[2106378575][DBG][CAPTURE] capture_frame: 0.02ms
[2106378577][DBG][ENCODE] encode: 1.85ms
[2106378577][DBG][CAPTURE] capture_frame: 0.03ms
[2106378578][DBG][ENCODE] encode: 0.97ms
[2106378578][DBG][CAPTURE] capture_frame: 0.03ms
[2106378579][DBG][ENCODE] encode: 1.24ms
[2106378580][DBG][CAPTURE] capture_frame: 0.02ms
[2106378581][DBG][ENCODE] encode: 1.24ms
[2106378581][DBG][CAPTURE] capture_frame: 0.02ms
[2106378582][DBG][ENCODE] encode: 1.38ms
[2106378582][DBG][CAPTURE] capture_frame: 0.04ms
[2106378582][ERR][ENCODE] SubmitInput failed: 25
[2106378582][DBG][ENCODE] encode: 0.04ms
[2106378583][DBG][CAPTURE] capture_frame: 0.52ms
[2106378583][ERR][ENCODE] SubmitInput failed: 25
[2106378583][DBG][ENCODE] encode: 0.04ms
[2106378584][DBG][CAPTURE] capture_frame: 0.84ms
[2106378586][DBG][ENCODE] encode: 1.59ms
[2106378607][DBG][CAPTURE] capture_frame: 21.22ms
[2106378640][DBG][CAPTURE] capture_frame: 32.77ms
[2106378670][DBG][CAPTURE] capture_frame: 30.01ms
[2106378700][DBG][CAPTURE] capture_frame: 29.99ms
[2106378731][DBG][CAPTURE] capture_frame: 31.25ms
[2106378762][DBG][CAPTURE] capture_frame: 30.47ms
[2106378778][DBG][CAPTURE] capture_frame: 15.84ms
[2106378809][DBG][CAPTURE] capture_frame: 31.00ms
[2106378840][DBG][CAPTURE] capture_frame: 30.61ms
[2106378857][DBG][CAPTURE] capture_frame: 16.59ms
[2106378888][DBG][CAPTURE] capture_frame: 30.90ms
[2106378918][DBG][CAPTURE] capture_frame: 30.10ms
[2106378934][DBG][CAPTURE] capture_frame: 15.94ms
[2106378965][DBG][CAPTURE] capture_frame: 30.73ms
[2106378995][DBG][CAPTURE] capture_frame: 29.88ms
[2106379026][DBG][CAPTURE] capture_frame: 30.95ms
[2106379042][DBG][CAPTURE] capture_frame: 15.84ms
[2106379058][DBG][CAPTURE] capture_frame: 16.42ms
[2106379074][DBG][CAPTURE] capture_frame: 16.02ms
[2106379104][DBG][CAPTURE] capture_frame: 30.02ms
[2106379135][DBG][CAPTURE] capture_frame: 31.04ms
[2106379167][DBG][CAPTURE] capture_frame: 31.16ms
[2106379197][DBG][CAPTURE] capture_frame: 29.85ms
[2106379228][DBG][CAPTURE] capture_frame: 31.41ms
[2106379259][DBG][CAPTURE] capture_frame: 30.48ms
[2106379290][DBG][CAPTURE] capture_frame: 30.69ms
[2106379321][DBG][CAPTURE] capture_frame: 31.05ms
[2106379337][DBG][CAPTURE] capture_frame: 15.98ms
[2106379368][DBG][CAPTURE] capture_frame: 31.34ms
[2106379399][DBG][CAPTURE] capture_frame: 30.83ms
[2106379430][DBG][CAPTURE] capture_frame: 30.80ms
[2106379461][DBG][CAPTURE] capture_frame: 30.82ms
[2106379470][DBG][CAPTURE] capture_frame: 9.08ms
[2106379473][DBG][ENCODE] encode: 3.21ms
[2106379474][INF][HOST] Frames: 180, FPS: 31.6, RTT: 15.8ms, state: connected
[2106379507][DBG][CAPTURE] capture_frame: 28.76ms
[2106379508][DBG][CAPTURE] capture_frame: 0.90ms
[2106379508][DBG][ENCODE] encode: 0.72ms
[2106379532][DBG][CAPTURE] capture_frame: 23.62ms
[2106379533][DBG][ENCODE] encode: 0.82ms
[2106379553][DBG][CAPTURE] capture_frame: 19.53ms
[2106379579][DBG][CAPTURE] capture_frame: 25.52ms
[2106379580][DBG][ENCODE] encode: 0.95ms
[2106379594][DBG][CAPTURE] capture_frame: 13.71ms
[2106379594][DBG][ENCODE] encode: 0.67ms
[2106379600][DBG][CAPTURE] capture_frame: 5.40ms
[2106379600][DBG][ENCODE] encode: 0.65ms
[2106379631][DBG][CAPTURE] capture_frame: 30.70ms
[2106379662][DBG][CAPTURE] capture_frame: 30.76ms
[2106379693][DBG][CAPTURE] capture_frame: 30.73ms
[2106379697][DBG][CAPTURE] capture_frame: 3.55ms
[2106379698][DBG][ENCODE] encode: 0.93ms
[2106379724][DBG][CAPTURE] capture_frame: 25.99ms
[2106379741][DBG][CAPTURE] capture_frame: 16.45ms
[2106379755][DBG][CAPTURE] capture_frame: 14.39ms
[2106379756][DBG][ENCODE] encode: 0.94ms
[2106379757][DBG][CAPTURE] capture_frame: 0.05ms
[2106379757][DBG][ENCODE] encode: 0.56ms
[2106379757][DBG][CAPTURE] capture_frame: 0.03ms
[2106379758][DBG][ENCODE] encode: 0.41ms
[2106379787][DBG][CAPTURE] capture_frame: 29.13ms
[2106379804][DBG][CAPTURE] capture_frame: 17.19ms
[2106379806][DBG][ENCODE] encode: 1.12ms
[2106379819][DBG][CAPTURE] capture_frame: 13.39ms
[2106379820][DBG][ENCODE] encode: 1.12ms
[2106379839][DBG][CAPTURE] capture_frame: 18.59ms
[2106379841][DBG][ENCODE] encode: 1.52ms
[2106379864][DBG][CAPTURE] capture_frame: 22.71ms
[2106379896][DBG][CAPTURE] capture_frame: 31.47ms
[2106379912][DBG][CAPTURE] capture_frame: 15.97ms
[2106379943][DBG][CAPTURE] capture_frame: 31.08ms
[2106379960][DBG][CAPTURE] capture_frame: 16.24ms
[2106379990][DBG][CAPTURE] capture_frame: 30.70ms
[2106380022][DBG][CAPTURE] capture_frame: 31.41ms
[2106380038][DBG][CAPTURE] capture_frame: 15.95ms
[2106380054][DBG][CAPTURE] capture_frame: 15.94ms
[2106380059][DBG][CAPTURE] capture_frame: 5.49ms
[2106380060][DBG][ENCODE] encode: 0.97ms
[2106380061][DBG][CAPTURE] capture_frame: 0.03ms
[2106380061][DBG][ENCODE] encode: 0.35ms
[2106380061][DBG][CAPTURE] capture_frame: 0.02ms
[2106380061][DBG][ENCODE] encode: 0.28ms
[2106380062][DBG][CAPTURE] capture_frame: 0.59ms
[2106380062][DBG][ENCODE] encode: 0.27ms
[2106380065][DBG][CAPTURE] capture_frame: 2.61ms
[2106380066][DBG][ENCODE] encode: 0.45ms
[2106380067][DBG][CAPTURE] capture_frame: 1.43ms
[2106380067][DBG][ENCODE] encode: 0.41ms
[2106380068][DBG][CAPTURE] capture_frame: 0.49ms
[2106380068][DBG][ENCODE] encode: 0.32ms
[2106380069][DBG][CAPTURE] capture_frame: 0.62ms
[2106380069][DBG][ENCODE] encode: 0.32ms
[2106380071][DBG][CAPTURE] capture_frame: 1.65ms
[2106380071][DBG][ENCODE] encode: 0.36ms
[2106380073][DBG][CAPTURE] capture_frame: 1.52ms
[2106380073][DBG][ENCODE] encode: 0.35ms
[2106380077][DBG][CAPTURE] capture_frame: 3.67ms
[2106380078][DBG][ENCODE] encode: 0.68ms
[2106380078][DBG][CAPTURE] capture_frame: 0.15ms
[2106380079][DBG][ENCODE] encode: 0.44ms
[2106380079][DBG][CAPTURE] capture_frame: 0.39ms
[2106380079][DBG][ENCODE] encode: 0.39ms
[2106380080][DBG][CAPTURE] capture_frame: 0.51ms
[2106380080][DBG][ENCODE] encode: 0.32ms
[2106380081][DBG][CAPTURE] capture_frame: 0.58ms
[2106380081][DBG][ENCODE] encode: 0.36ms
[2106380082][DBG][CAPTURE] capture_frame: 0.57ms
[2106380083][DBG][ENCODE] encode: 0.45ms
[2106380084][DBG][CAPTURE] capture_frame: 1.48ms
[2106380084][ERR][ENCODE] SubmitInput failed: 25
[2106380084][DBG][ENCODE] encode: 0.10ms
[2106380086][DBG][CAPTURE] capture_frame: 1.70ms
[2106380086][ERR][ENCODE] SubmitInput failed: 25
[2106380086][DBG][ENCODE] encode: 0.05ms
[2106380087][DBG][CAPTURE] capture_frame: 0.90ms
[2106380087][ERR][ENCODE] SubmitInput failed: 25
[2106380087][DBG][ENCODE] encode: 0.04ms
[2106380088][DBG][CAPTURE] capture_frame: 0.87ms
[2106380088][ERR][ENCODE] SubmitInput failed: 25
[2106380088][DBG][ENCODE] encode: 0.05ms
[2106380092][DBG][CAPTURE] capture_frame: 3.94ms
[2106380092][ERR][ENCODE] SubmitInput failed: 25
[2106380092][DBG][ENCODE] encode: 0.13ms
[2106380093][DBG][CAPTURE] capture_frame: 0.68ms
[2106380093][ERR][ENCODE] SubmitInput failed: 25
[2106380093][DBG][ENCODE] encode: 0.04ms
[2106380094][DBG][CAPTURE] capture_frame: 0.89ms
[2106380094][ERR][ENCODE] SubmitInput failed: 25
[2106380094][DBG][ENCODE] encode: 0.05ms
[2106380095][DBG][CAPTURE] capture_frame: 0.88ms
[2106380095][ERR][ENCODE] SubmitInput failed: 25
[2106380095][DBG][ENCODE] encode: 0.04ms
[2106380098][DBG][CAPTURE] capture_frame: 2.90ms
[2106380098][ERR][ENCODE] SubmitInput failed: 25
[2106380098][DBG][ENCODE] encode: 0.08ms
[2106380100][DBG][CAPTURE] capture_frame: 1.81ms
[2106380100][ERR][ENCODE] SubmitInput failed: 25
[2106380100][DBG][ENCODE] encode: 0.06ms
[2106380102][DBG][CAPTURE] capture_frame: 1.75ms
[2106380102][ERR][ENCODE] SubmitInput failed: 25
[2106380102][DBG][ENCODE] encode: 0.08ms
[2106380104][DBG][CAPTURE] capture_frame: 1.82ms
[2106380105][DBG][ENCODE] encode: 0.64ms
[2106380108][DBG][CAPTURE] capture_frame: 3.23ms
[2106380108][ERR][ENCODE] SubmitInput failed: 25
[2106380108][DBG][ENCODE] encode: 0.07ms
[2106380112][DBG][CAPTURE] capture_frame: 3.92ms
[2106380112][ERR][ENCODE] SubmitInput failed: 25
[2106380112][DBG][ENCODE] encode: 0.07ms
[2106380116][DBG][CAPTURE] capture_frame: 3.84ms
[2106380116][ERR][ENCODE] SubmitInput failed: 25
[2106380116][DBG][ENCODE] encode: 0.11ms
[2106380133][DBG][CAPTURE] capture_frame: 16.20ms
[2106380164][DBG][CAPTURE] capture_frame: 30.90ms
[2106380194][DBG][CAPTURE] capture_frame: 29.92ms
[2106380224][DBG][CAPTURE] capture_frame: 30.42ms
[2106380240][DBG][CAPTURE] capture_frame: 15.97ms
[2106380271][DBG][CAPTURE] capture_frame: 30.92ms
[2106380302][DBG][CAPTURE] capture_frame: 30.41ms
[2106380332][DBG][CAPTURE] capture_frame: 30.41ms
[2106380363][DBG][CAPTURE] capture_frame: 30.45ms
[2106380365][DBG][ENCODE] encode: 1.78ms
[2106380366][DBG][CAPTURE] capture_frame: 0.10ms
[2106380367][DBG][ENCODE] encode: 0.71ms
[2106380367][DBG][CAPTURE] capture_frame: 0.05ms
[2106380368][DBG][ENCODE] encode: 1.16ms
[2106380368][DBG][CAPTURE] capture_frame: 0.18ms
[2106380369][DBG][ENCODE] encode: 0.43ms
[2106380369][DBG][CAPTURE] capture_frame: 0.48ms
[2106380370][DBG][ENCODE] encode: 0.45ms
[2106380370][DBG][CAPTURE] capture_frame: 0.40ms
[2106380371][DBG][ENCODE] encode: 0.40ms
[2106380376][DBG][CAPTURE] capture_frame: 5.58ms
[2106380377][DBG][ENCODE] encode: 0.70ms
[2106380379][DBG][CAPTURE] capture_frame: 2.08ms
[2106380380][DBG][ENCODE] encode: 0.47ms
[2106380380][DBG][CAPTURE] capture_frame: 0.32ms
[2106380380][DBG][ENCODE] encode: 0.34ms
[2106380381][DBG][CAPTURE] capture_frame: 0.56ms
[2106380381][DBG][ENCODE] encode: 0.42ms
[2106380384][DBG][CAPTURE] capture_frame: 2.48ms
[2106380384][DBG][ENCODE] encode: 0.42ms
[2106380385][DBG][CAPTURE] capture_frame: 0.44ms
[2106380385][DBG][ENCODE] encode: 0.31ms
[2106380390][DBG][CAPTURE] capture_frame: 4.77ms
[2106380391][DBG][ENCODE] encode: 0.54ms
[2106380391][DBG][CAPTURE] capture_frame: 0.33ms
[2106380391][DBG][ENCODE] encode: 0.35ms
[2106380392][DBG][CAPTURE] capture_frame: 0.47ms
[2106380392][DBG][ENCODE] encode: 0.36ms
[2106380395][DBG][CAPTURE] capture_frame: 2.59ms
[2106380395][DBG][ENCODE] encode: 0.40ms
[2106380396][DBG][CAPTURE] capture_frame: 0.48ms
[2106380396][ERR][ENCODE] SubmitInput failed: 25
[2106380396][DBG][ENCODE] encode: 0.26ms
[2106380397][DBG][CAPTURE] capture_frame: 0.70ms
[2106380397][ERR][ENCODE] SubmitInput failed: 25
[2106380397][DBG][ENCODE] encode: 0.04ms
[2106380401][DBG][CAPTURE] capture_frame: 3.92ms
[2106380401][ERR][ENCODE] SubmitInput failed: 25
[2106380401][DBG][ENCODE] encode: 0.07ms
[2106380402][DBG][CAPTURE] capture_frame: 0.76ms
[2106380402][ERR][ENCODE] SubmitInput failed: 25
[2106380402][DBG][ENCODE] encode: 0.08ms
[2106380403][DBG][CAPTURE] capture_frame: 0.77ms
[2106380403][ERR][ENCODE] SubmitInput failed: 25
[2106380403][DBG][ENCODE] encode: 0.04ms
[2106380406][DBG][CAPTURE] capture_frame: 2.93ms
[2106380406][ERR][ENCODE] SubmitInput failed: 25
[2106380406][DBG][ENCODE] encode: 0.06ms
[2106380411][DBG][CAPTURE] capture_frame: 4.89ms
[2106380411][ERR][ENCODE] SubmitInput failed: 25
[2106380411][DBG][ENCODE] encode: 0.10ms
[2106380412][DBG][CAPTURE] capture_frame: 0.72ms
[2106380412][ERR][ENCODE] SubmitInput failed: 25
[2106380412][DBG][ENCODE] encode: 0.04ms
[2106380416][DBG][CAPTURE] capture_frame: 3.99ms
[2106380416][ERR][ENCODE] SubmitInput failed: 25
[2106380416][DBG][ENCODE] encode: 0.07ms
[2106380418][DBG][CAPTURE] capture_frame: 1.73ms
[2106380418][ERR][ENCODE] SubmitInput failed: 25
[2106380418][DBG][ENCODE] encode: 0.06ms
[2106380423][DBG][CAPTURE] capture_frame: 4.92ms
[2106380423][ERR][ENCODE] SubmitInput failed: 25
[2106380423][DBG][ENCODE] encode: 0.10ms
[2106380425][DBG][CAPTURE] capture_frame: 1.71ms
[2106380425][ERR][ENCODE] SubmitInput failed: 25
[2106380425][DBG][ENCODE] encode: 0.06ms
[2106380433][DBG][CAPTURE] capture_frame: 7.98ms
[2106380433][ERR][ENCODE] SubmitInput failed: 25
[2106380433][DBG][ENCODE] encode: 0.09ms
[2106380459][DBG][CAPTURE] capture_frame: 25.75ms
[2106380490][DBG][CAPTURE] capture_frame: 30.52ms
[2106380521][DBG][CAPTURE] capture_frame: 30.87ms
[2106380552][DBG][CAPTURE] capture_frame: 30.75ms
[2106380582][DBG][CAPTURE] capture_frame: 30.06ms
[2106380613][DBG][CAPTURE] capture_frame: 31.43ms
[2106380641][DBG][CAPTURE] capture_frame: 27.32ms
[2106380642][DBG][ENCODE] encode: 1.44ms
[2106380643][DBG][CAPTURE] capture_frame: 0.43ms
[2106380643][DBG][ENCODE] encode: 0.31ms
[2106380645][DBG][CAPTURE] capture_frame: 1.58ms
[2106380645][DBG][ENCODE] encode: 0.30ms
[2106380648][DBG][CAPTURE] capture_frame: 2.65ms
[2106380649][DBG][ENCODE] encode: 0.57ms
[2106380649][DBG][CAPTURE] capture_frame: 0.35ms
[2106380650][DBG][ENCODE] encode: 0.43ms
[2106380652][DBG][CAPTURE] capture_frame: 2.49ms
[2106380652][DBG][ENCODE] encode: 0.36ms
[2106380653][DBG][CAPTURE] capture_frame: 0.53ms
[2106380653][DBG][ENCODE] encode: 0.30ms
[2106380654][DBG][CAPTURE] capture_frame: 0.64ms
[2106380654][DBG][ENCODE] encode: 0.30ms
[2106380677][DBG][CAPTURE] capture_frame: 22.47ms
[2106380708][DBG][CAPTURE] capture_frame: 30.66ms
[2106380724][DBG][CAPTURE] capture_frame: 16.18ms
[2106380755][DBG][CAPTURE] capture_frame: 31.10ms
[2106380772][DBG][CAPTURE] capture_frame: 16.47ms
[2106380802][DBG][CAPTURE] capture_frame: 29.01ms
[2106380814][DBG][CAPTURE] capture_frame: 11.69ms
[2106380816][DBG][ENCODE] encode: 1.87ms
[2106380816][INF][HOST] Frames: 240, FPS: 34.1, RTT: 172.6ms, state: connected
[2106380817][DBG][CAPTURE] capture_frame: 0.04ms
[2106380817][DBG][ENCODE] encode: 0.58ms
[2106380818][DBG][CAPTURE] capture_frame: 0.04ms
[2106380818][DBG][ENCODE] encode: 0.47ms
[2106380818][DBG][CAPTURE] capture_frame: 0.04ms
[2106380819][DBG][ENCODE] encode: 0.34ms
[2106380849][DBG][CAPTURE] capture_frame: 30.14ms
[2106380880][DBG][CAPTURE] capture_frame: 31.35ms
[2106380882][DBG][CAPTURE] capture_frame: 1.94ms
[2106380885][DBG][ENCODE] encode: 2.72ms
[2106380891][DBG][CAPTURE] capture_frame: 0.10ms
[2106380892][DBG][ENCODE] encode: 0.74ms
[2106380911][DBG][CAPTURE] capture_frame: 19.05ms
[2106380916][DBG][CAPTURE] capture_frame: 5.25ms
[2106380917][DBG][ENCODE] encode: 1.23ms
[2106380920][DBG][CAPTURE] capture_frame: 2.20ms
[2106380921][DBG][ENCODE] encode: 0.66ms
[2106380921][DBG][CAPTURE] capture_frame: 0.07ms
[2106380922][DBG][ENCODE] encode: 0.38ms
[2106380942][DBG][CAPTURE] capture_frame: 20.01ms
[2106380951][DBG][CAPTURE] capture_frame: 8.88ms
[2106380952][DBG][ENCODE] encode: 0.93ms
[2106380953][DBG][CAPTURE] capture_frame: 0.03ms
[2106380954][DBG][ENCODE] encode: 1.03ms
[2106380954][DBG][CAPTURE] capture_frame: 0.03ms
[2106380954][DBG][ENCODE] encode: 0.31ms
[2106380954][DBG][CAPTURE] capture_frame: 0.02ms
[2106380955][DBG][ENCODE] encode: 0.31ms
[2106380956][DBG][CAPTURE] capture_frame: 1.38ms
[2106380956][DBG][ENCODE] encode: 0.38ms
[2106380973][DBG][CAPTURE] capture_frame: 16.16ms
[2106381004][DBG][CAPTURE] capture_frame: 30.77ms
[2106381011][DBG][CAPTURE] capture_frame: 7.23ms
[2106381012][DBG][ENCODE] encode: 1.37ms
[2106381013][DBG][CAPTURE] capture_frame: 0.04ms
[2106381014][DBG][ENCODE] encode: 0.36ms
[2106381014][DBG][CAPTURE] capture_frame: 0.26ms
[2106381014][DBG][ENCODE] encode: 0.28ms
[2106381015][DBG][CAPTURE] capture_frame: 0.63ms
[2106381016][DBG][ENCODE] encode: 0.57ms
[2106381017][DBG][CAPTURE] capture_frame: 1.35ms
[2106381017][DBG][ENCODE] encode: 0.38ms
[2106381018][DBG][CAPTURE] capture_frame: 0.60ms
[2106381019][DBG][ENCODE] encode: 0.43ms
[2106381019][DBG][CAPTURE] capture_frame: 0.43ms
[2106381019][DBG][ENCODE] encode: 0.32ms
[2106381036][DBG][CAPTURE] capture_frame: 16.39ms
[2106381067][DBG][CAPTURE] capture_frame: 30.79ms
[2106381096][DBG][CAPTURE] capture_frame: 28.93ms
[2106381098][DBG][ENCODE] encode: 1.56ms
[2106381099][DBG][CAPTURE] capture_frame: 0.06ms
[2106381100][DBG][ENCODE] encode: 0.45ms
[2106381101][DBG][CAPTURE] capture_frame: 1.19ms
[2106381102][DBG][ENCODE] encode: 0.56ms
[2106381102][DBG][CAPTURE] capture_frame: 0.30ms
[2106381102][DBG][ENCODE] encode: 0.32ms
[2106381103][DBG][CAPTURE] capture_frame: 0.59ms
[2106381103][DBG][ENCODE] encode: 0.23ms
[2106381104][DBG][CAPTURE] capture_frame: 0.71ms
[2106381104][DBG][ENCODE] encode: 0.24ms
[2106381105][DBG][CAPTURE] capture_frame: 0.77ms
[2106381105][DBG][ENCODE] encode: 0.33ms
[2106381107][DBG][CAPTURE] capture_frame: 1.51ms
[2106381107][DBG][ENCODE] encode: 0.40ms
[2106381108][DBG][CAPTURE] capture_frame: 0.55ms
[2106381108][DBG][ENCODE] encode: 0.28ms
[2106381109][DBG][CAPTURE] capture_frame: 0.70ms
[2106381109][DBG][ENCODE] encode: 0.26ms
[2106381110][DBG][CAPTURE] capture_frame: 0.56ms
[2106381110][DBG][ENCODE] encode: 0.34ms
[2106381128][DBG][CAPTURE] capture_frame: 17.88ms
[2106381159][DBG][CAPTURE] capture_frame: 30.49ms
[2106381175][DBG][CAPTURE] capture_frame: 16.01ms
[2106381207][DBG][CAPTURE] capture_frame: 31.58ms
[2106381229][DBG][CAPTURE] capture_frame: 22.53ms
[2106381231][DBG][ENCODE] encode: 1.69ms
[2106381232][DBG][CAPTURE] capture_frame: 0.04ms
[2106381232][DBG][ENCODE] encode: 0.28ms
[2106381235][DBG][CAPTURE] capture_frame: 2.60ms
[2106381235][DBG][ENCODE] encode: 0.39ms
[2106381239][DBG][CAPTURE] capture_frame: 3.50ms
[2106381239][DBG][ENCODE] encode: 0.39ms
[2106381242][DBG][CAPTURE] capture_frame: 2.47ms
[2106381242][DBG][ENCODE] encode: 0.32ms
[2106381244][DBG][CAPTURE] capture_frame: 1.59ms
[2106381244][DBG][ENCODE] encode: 0.25ms
[2106381249][DBG][CAPTURE] capture_frame: 4.67ms
[2106381250][DBG][ENCODE] encode: 0.47ms
[2106381252][DBG][CAPTURE] capture_frame: 2.47ms
[2106381253][DBG][ENCODE] encode: 0.45ms
[2106381283][DBG][CAPTURE] capture_frame: 30.54ms
[2106381313][DBG][CAPTURE] capture_frame: 29.81ms
[2106381339][DBG][CAPTURE] capture_frame: 25.78ms
[2106381340][DBG][ENCODE] encode: 1.35ms
[2106381343][DBG][CAPTURE] capture_frame: 2.07ms
[2106381344][DBG][ENCODE] encode: 0.46ms
[2106381350][DBG][CAPTURE] capture_frame: 6.45ms
[2106381351][DBG][ENCODE] encode: 0.61ms
[2106381351][DBG][CAPTURE] capture_frame: 0.08ms
[2106381351][DBG][ENCODE] encode: 0.35ms
[2106381353][DBG][CAPTURE] capture_frame: 1.61ms
[2106381354][DBG][ENCODE] encode: 0.50ms
[2106381357][DBG][CAPTURE] capture_frame: 3.42ms
[2106381358][DBG][ENCODE] encode: 0.69ms
[2106381359][DBG][CAPTURE] capture_frame: 1.16ms
[2106381360][DBG][ENCODE] encode: 0.44ms
[2106381360][DBG][CAPTURE] capture_frame: 0.49ms
[2106381360][DBG][ENCODE] encode: 0.38ms
[2106381391][DBG][CAPTURE] capture_frame: 30.58ms
[2106381422][DBG][CAPTURE] capture_frame: 30.47ms
[2106381453][DBG][CAPTURE] capture_frame: 31.13ms
[2106381484][DBG][CAPTURE] capture_frame: 31.45ms
[2106381501][DBG][CAPTURE] capture_frame: 16.05ms
[2106381532][DBG][CAPTURE] capture_frame: 31.21ms
[2106381562][DBG][CAPTURE] capture_frame: 30.49ms
[2106381578][DBG][CAPTURE] capture_frame: 15.93ms
[2106381610][DBG][CAPTURE] capture_frame: 31.40ms
[2106381641][DBG][CAPTURE] capture_frame: 31.31ms
[2106381672][DBG][CAPTURE] capture_frame: 30.89ms
[2106381679][DBG][CAPTURE] capture_frame: 7.09ms
[2106381681][DBG][ENCODE] encode: 1.17ms
[2106381703][DBG][CAPTURE] capture_frame: 21.85ms
[2106381719][DBG][CAPTURE] capture_frame: 16.13ms
[2106381725][DBG][CAPTURE] capture_frame: 5.66ms
[2106381726][DBG][ENCODE] encode: 0.79ms
[2106381726][DBG][CAPTURE] capture_frame: 0.03ms
[2106381727][DBG][ENCODE] encode: 0.38ms
[2106381727][DBG][CAPTURE] capture_frame: 0.40ms
[2106381727][DBG][ENCODE] encode: 0.29ms
[2106381728][DBG][CAPTURE] capture_frame: 0.64ms
[2106381728][DBG][ENCODE] encode: 0.31ms
[2106381729][DBG][CAPTURE] capture_frame: 0.61ms
[2106381729][DBG][ENCODE] encode: 0.28ms
[2106381730][DBG][CAPTURE] capture_frame: 0.66ms
[2106381730][DBG][ENCODE] encode: 0.41ms
[2106381731][DBG][CAPTURE] capture_frame: 0.48ms
[2106381731][DBG][ENCODE] encode: 0.27ms
[2106381732][DBG][CAPTURE] capture_frame: 0.72ms
[2106381732][DBG][ENCODE] encode: 0.31ms
[2106381733][DBG][CAPTURE] capture_frame: 0.56ms
[2106381733][DBG][ENCODE] encode: 0.29ms
[2106381734][DBG][CAPTURE] capture_frame: 0.66ms
[2106381734][DBG][ENCODE] encode: 0.31ms
[2106381735][DBG][CAPTURE] capture_frame: 0.62ms
[2106381735][DBG][ENCODE] encode: 0.25ms
[2106381736][DBG][CAPTURE] capture_frame: 0.67ms
[2106381736][DBG][ENCODE] encode: 0.26ms
[2106381737][DBG][CAPTURE] capture_frame: 0.72ms
[2106381737][DBG][ENCODE] encode: 0.35ms
[2106381738][DBG][CAPTURE] capture_frame: 0.56ms
[2106381738][DBG][ENCODE] encode: 0.38ms
[2106381739][DBG][CAPTURE] capture_frame: 0.55ms
[2106381740][DBG][ENCODE] encode: 0.43ms
[2106381740][DBG][CAPTURE] capture_frame: 0.49ms
[2106381740][DBG][ENCODE] encode: 0.31ms
[2106381741][DBG][CAPTURE] capture_frame: 0.64ms
[2106381741][ERR][ENCODE] SubmitInput failed: 25
[2106381741][DBG][ENCODE] encode: 0.05ms
[2106381742][DBG][CAPTURE] capture_frame: 0.79ms
[2106381742][ERR][ENCODE] SubmitInput failed: 25
[2106381742][DBG][ENCODE] encode: 0.04ms
[2106381743][DBG][CAPTURE] capture_frame: 0.93ms
[2106381743][ERR][ENCODE] SubmitInput failed: 25
[2106381743][DBG][ENCODE] encode: 0.06ms
[2106381744][DBG][CAPTURE] capture_frame: 0.77ms
[2106381744][ERR][ENCODE] SubmitInput failed: 25
[2106381744][DBG][ENCODE] encode: 0.04ms
[2106381745][DBG][CAPTURE] capture_frame: 0.92ms
[2106381745][ERR][ENCODE] SubmitInput failed: 25
[2106381745][DBG][ENCODE] encode: 0.04ms
[2106381746][DBG][CAPTURE] capture_frame: 0.88ms
[2106381746][ERR][ENCODE] SubmitInput failed: 25
[2106381746][DBG][ENCODE] encode: 0.03ms
[2106381766][DBG][CAPTURE] capture_frame: 19.57ms
[2106381797][DBG][CAPTURE] capture_frame: 30.97ms
[2106381828][DBG][CAPTURE] capture_frame: 31.31ms
[2106381859][DBG][CAPTURE] capture_frame: 30.62ms
[2106381890][DBG][CAPTURE] capture_frame: 30.98ms
[2106381906][DBG][CAPTURE] capture_frame: 15.95ms
[2106381937][DBG][CAPTURE] capture_frame: 30.94ms
[2106381968][DBG][CAPTURE] capture_frame: 30.94ms
[2106381982][DBG][CAPTURE] capture_frame: 13.62ms
[2106381985][DBG][ENCODE] encode: 3.31ms
[2106381986][INF][HOST] Frames: 300, FPS: 36.6, RTT: 30.9ms, state: connected
[2106381994][DBG][CAPTURE] capture_frame: 0.08ms
[2106381995][DBG][ENCODE] encode: 0.59ms
[2106382014][DBG][CAPTURE] capture_frame: 19.42ms
[2106382045][DBG][CAPTURE] capture_frame: 30.60ms
[2106382060][DBG][CAPTURE] capture_frame: 14.71ms
[2106382061][DBG][ENCODE] encode: 0.98ms
[2106382062][DBG][CAPTURE] capture_frame: 0.03ms
[2106382062][DBG][ENCODE] encode: 0.40ms
[2106382062][DBG][CAPTURE] capture_frame: 0.03ms
[2106382063][DBG][ENCODE] encode: 0.26ms
[2106382063][DBG][CAPTURE] capture_frame: 0.24ms
[2106382063][DBG][ENCODE] encode: 0.25ms
[2106382091][DBG][CAPTURE] capture_frame: 28.01ms
[2106382108][DBG][CAPTURE] capture_frame: 16.63ms
[2106382110][DBG][ENCODE] encode: 1.38ms
[2106382111][DBG][CAPTURE] capture_frame: 0.04ms
[2106382111][DBG][ENCODE] encode: 0.41ms
[2106382111][DBG][CAPTURE] capture_frame: 0.03ms
[2106382112][DBG][ENCODE] encode: 0.31ms
[2106382112][DBG][CAPTURE] capture_frame: 0.48ms
[2106382112][DBG][ENCODE] encode: 0.35ms
[2106382113][DBG][CAPTURE] capture_frame: 0.52ms
[2106382113][DBG][ENCODE] encode: 0.30ms
[2106382138][DBG][CAPTURE] capture_frame: 24.90ms
[2106382170][DBG][CAPTURE] capture_frame: 31.62ms
[2106382201][DBG][CAPTURE] capture_frame: 30.93ms
[2106382232][DBG][CAPTURE] capture_frame: 30.38ms
[2106382263][DBG][CAPTURE] capture_frame: 30.95ms
[2106382294][DBG][CAPTURE] capture_frame: 31.19ms
[2106382325][DBG][CAPTURE] capture_frame: 30.70ms
[2106382355][DBG][CAPTURE] capture_frame: 30.73ms
[2106382386][DBG][CAPTURE] capture_frame: 28.69ms
[2106382393][DBG][CAPTURE] capture_frame: 6.55ms
[2106382394][DBG][ENCODE] encode: 1.72ms
[2106382396][DBG][CAPTURE] capture_frame: 0.09ms
[2106382397][DBG][ENCODE] encode: 0.86ms
[2106382417][DBG][CAPTURE] capture_frame: 19.61ms
[2106382439][DBG][CAPTURE] capture_frame: 21.98ms
[2106382441][DBG][ENCODE] encode: 1.59ms
[2106382443][DBG][CAPTURE] capture_frame: 0.08ms
[2106382443][DBG][ENCODE] encode: 0.68ms
[2106382445][DBG][CAPTURE] capture_frame: 1.81ms
[2106382446][DBG][ENCODE] encode: 0.84ms
[2106382463][DBG][CAPTURE] capture_frame: 16.43ms
[2106382474][DBG][CAPTURE] capture_frame: 10.72ms
[2106382475][DBG][ENCODE] encode: 1.57ms
[2106382476][DBG][CAPTURE] capture_frame: 0.04ms
[2106382476][DBG][ENCODE] encode: 0.33ms
[2106382479][DBG][CAPTURE] capture_frame: 2.31ms
[2106382479][DBG][ENCODE] encode: 0.51ms
[2106382479][DBG][CAPTURE] capture_frame: 0.02ms
[2106382480][DBG][ENCODE] encode: 0.44ms
[2106382510][DBG][CAPTURE] capture_frame: 30.52ms
[2106382522][DBG][CAPTURE] capture_frame: 11.93ms
[2106382523][DBG][ENCODE] encode: 1.15ms
[2106382524][DBG][CAPTURE] capture_frame: 0.04ms
[2106382524][DBG][ENCODE] encode: 0.22ms
[2106382525][DBG][CAPTURE] capture_frame: 0.71ms
[2106382525][DBG][ENCODE] encode: 0.37ms
[2106382526][DBG][CAPTURE] capture_frame: 0.55ms
[2106382526][DBG][ENCODE] encode: 0.31ms
[2106382527][DBG][CAPTURE] capture_frame: 0.66ms
[2106382527][DBG][ENCODE] encode: 0.29ms
[2106382528][DBG][CAPTURE] capture_frame: 0.55ms
[2106382528][DBG][ENCODE] encode: 0.30ms
[2106382530][DBG][CAPTURE] capture_frame: 1.66ms
[2106382531][DBG][ENCODE] encode: 0.40ms
[2106382532][DBG][CAPTURE] capture_frame: 1.49ms
[2106382533][DBG][ENCODE] encode: 0.39ms
[2106382533][DBG][CAPTURE] capture_frame: 0.50ms
[2106382533][DBG][ENCODE] encode: 0.30ms
[2106382534][DBG][CAPTURE] capture_frame: 0.61ms
[2106382534][DBG][ENCODE] encode: 0.27ms
[2106382536][DBG][CAPTURE] capture_frame: 1.64ms
[2106382536][DBG][ENCODE] encode: 0.28ms
[2106382537][DBG][CAPTURE] capture_frame: 0.68ms
[2106382537][DBG][ENCODE] encode: 0.30ms
[2106382538][DBG][CAPTURE] capture_frame: 0.60ms
[2106382538][DBG][ENCODE] encode: 0.29ms
[2106382539][DBG][CAPTURE] capture_frame: 0.64ms
[2106382539][DBG][ENCODE] encode: 0.27ms
[2106382540][DBG][CAPTURE] capture_frame: 0.65ms
[2106382540][DBG][ENCODE] encode: 0.28ms
[2106382541][DBG][CAPTURE] capture_frame: 0.70ms
[2106382541][DBG][ENCODE] encode: 0.29ms
[2106382542][DBG][CAPTURE] capture_frame: 0.60ms
[2106382542][ERR][ENCODE] SubmitInput failed: 25
[2106382542][DBG][ENCODE] encode: 0.03ms
[2106382543][DBG][CAPTURE] capture_frame: 0.90ms
[2106382543][ERR][ENCODE] SubmitInput failed: 25
[2106382543][DBG][ENCODE] encode: 0.05ms
[2106382544][DBG][CAPTURE] capture_frame: 0.86ms
[2106382544][ERR][ENCODE] SubmitInput failed: 25
[2106382544][DBG][ENCODE] encode: 0.04ms
[2106382545][DBG][CAPTURE] capture_frame: 0.91ms
[2106382545][ERR][ENCODE] SubmitInput failed: 25
[2106382545][DBG][ENCODE] encode: 0.04ms
[2106382546][DBG][CAPTURE] capture_frame: 0.87ms
[2106382546][ERR][ENCODE] SubmitInput failed: 25
[2106382546][DBG][ENCODE] encode: 0.09ms
[2106382547][DBG][CAPTURE] capture_frame: 0.86ms
[2106382547][ERR][ENCODE] SubmitInput failed: 25
[2106382547][DBG][ENCODE] encode: 0.05ms
[2106382548][DBG][CAPTURE] capture_frame: 0.83ms
[2106382549][DBG][ENCODE] encode: 0.64ms
[2106382549][DBG][CAPTURE] capture_frame: 0.03ms
[2106382549][ERR][ENCODE] SubmitInput failed: 25
[2106382549][DBG][ENCODE] encode: 0.04ms
[2106382550][DBG][CAPTURE] capture_frame: 0.83ms
[2106382550][ERR][ENCODE] SubmitInput failed: 25
[2106382550][DBG][ENCODE] encode: 0.07ms
[2106382551][DBG][CAPTURE] capture_frame: 0.81ms
[2106382551][ERR][ENCODE] SubmitInput failed: 25
[2106382551][DBG][ENCODE] encode: 0.04ms
[2106382572][DBG][CAPTURE] capture_frame: 20.52ms
[2106382602][DBG][CAPTURE] capture_frame: 30.72ms
[2106382619][DBG][CAPTURE] capture_frame: 16.23ms
[2106382649][DBG][CAPTURE] capture_frame: 30.47ms
[2106382665][DBG][CAPTURE] capture_frame: 15.91ms
[2106382696][DBG][CAPTURE] capture_frame: 30.47ms
[2106382704][DBG][CAPTURE] capture_frame: 8.11ms
[2106382706][DBG][ENCODE] encode: 1.53ms
[2106382726][DBG][CAPTURE] capture_frame: 19.68ms
[2106382757][DBG][CAPTURE] capture_frame: 30.62ms
[2106382775][DBG][CAPTURE] capture_frame: 17.62ms
[2106382776][DBG][ENCODE] encode: 0.93ms
[2106382788][DBG][CAPTURE] capture_frame: 11.31ms
[2106382789][DBG][ENCODE] encode: 0.81ms
[2106382805][DBG][CAPTURE] capture_frame: 15.85ms
[2106382806][DBG][ENCODE] encode: 0.84ms
[2106382806][DBG][CAPTURE] capture_frame: 0.06ms
[2106382807][DBG][ENCODE] encode: 0.43ms
[2106382807][DBG][CAPTURE] capture_frame: 0.51ms
[2106382808][DBG][ENCODE] encode: 0.29ms
[2106382808][DBG][CAPTURE] capture_frame: 0.52ms
[2106382809][DBG][ENCODE] encode: 1.08ms
[2106382834][DBG][CAPTURE] capture_frame: 24.98ms
[2106382854][DBG][CAPTURE] capture_frame: 19.45ms
[2106382855][DBG][ENCODE] encode: 0.94ms
[2106382856][DBG][CAPTURE] capture_frame: 0.70ms
[2106382856][DBG][ENCODE] encode: 0.31ms
[2106382881][DBG][CAPTURE] capture_frame: 24.85ms
[2106382912][DBG][CAPTURE] capture_frame: 30.59ms
[2106382913][DBG][ENCODE] encode: 0.84ms
[2106382944][DBG][CAPTURE] capture_frame: 30.77ms
[2106382948][DBG][CAPTURE] capture_frame: 3.36ms
[2106382949][DBG][ENCODE] encode: 0.79ms
[2106382975][DBG][CAPTURE] capture_frame: 25.45ms
[2106382975][DBG][CAPTURE] capture_frame: 0.08ms
[2106382976][DBG][ENCODE] encode: 0.78ms
[2106382977][DBG][CAPTURE] capture_frame: 1.37ms
[2106382978][DBG][ENCODE] encode: 0.45ms
[2106383006][DBG][CAPTURE] capture_frame: 28.01ms
[2106383008][DBG][CAPTURE] capture_frame: 2.54ms
[2106383009][DBG][ENCODE] encode: 0.74ms
[2106383012][DBG][CAPTURE] capture_frame: 2.35ms
[2106383013][DBG][ENCODE] encode: 0.53ms
[2106383038][DBG][CAPTURE] capture_frame: 24.96ms
[2106383045][DBG][CAPTURE] capture_frame: 7.04ms
[2106383046][DBG][ENCODE] encode: 0.75ms
[2106383046][INF][HOST] Frames: 360, FPS: 38.9, RTT: 22.1ms, state: connected
[2106383048][DBG][CAPTURE] capture_frame: 2.29ms
[2106383049][DBG][ENCODE] encode: 0.57ms
[2106383049][DBG][CAPTURE] capture_frame: 0.21ms
[2106383049][DBG][ENCODE] encode: 0.30ms
[2106383054][DBG][CAPTURE] capture_frame: 4.68ms
[2106383055][DBG][ENCODE] encode: 0.67ms
[2106383061][DBG][CAPTURE] capture_frame: 6.34ms
[2106383062][DBG][ENCODE] encode: 0.66ms
[2106383067][DBG][CAPTURE] capture_frame: 5.09ms
[2106383068][DBG][ENCODE] encode: 0.73ms
[2106383084][DBG][CAPTURE] capture_frame: 15.36ms
[2106383114][DBG][CAPTURE] capture_frame: 30.15ms
[2106383142][DBG][CAPTURE] capture_frame: 27.67ms
[2106383144][DBG][ENCODE] encode: 2.64ms
[2106383153][DBG][CAPTURE] capture_frame: 0.14ms
[2106383154][DBG][ENCODE] encode: 0.90ms
[2106383176][DBG][CAPTURE] capture_frame: 21.64ms
[2106383187][DBG][CAPTURE] capture_frame: 11.49ms
[2106383188][DBG][ENCODE] encode: 0.97ms
[2106383189][DBG][CAPTURE] capture_frame: 0.03ms
[2106383189][DBG][ENCODE] encode: 0.33ms
[2106383190][DBG][CAPTURE] capture_frame: 0.58ms
[2106383190][DBG][ENCODE] encode: 0.32ms
[2106383191][DBG][CAPTURE] capture_frame: 0.62ms
[2106383192][DBG][ENCODE] encode: 0.37ms
[2106383222][DBG][CAPTURE] capture_frame: 30.74ms
[2106383239][DBG][CAPTURE] capture_frame: 16.27ms
[2106383252][DBG][CAPTURE] capture_frame: 13.46ms
[2106383253][DBG][ENCODE] encode: 1.00ms
[2106383254][DBG][CAPTURE] capture_frame: 0.03ms
[2106383255][DBG][ENCODE] encode: 0.38ms
[2106383255][DBG][CAPTURE] capture_frame: 0.33ms
[2106383255][DBG][ENCODE] encode: 0.31ms
[2106383256][DBG][CAPTURE] capture_frame: 0.63ms
[2106383256][DBG][ENCODE] encode: 0.28ms
[2106383257][DBG][CAPTURE] capture_frame: 0.68ms
[2106383258][DBG][ENCODE] encode: 0.38ms
[2106383258][DBG][CAPTURE] capture_frame: 0.50ms
[2106383258][DBG][ENCODE] encode: 0.36ms
[2106383259][DBG][CAPTURE] capture_frame: 0.56ms
[2106383259][DBG][ENCODE] encode: 0.29ms
[2106383260][DBG][CAPTURE] capture_frame: 0.61ms
[2106383261][DBG][ENCODE] encode: 0.39ms
[2106383261][DBG][CAPTURE] capture_frame: 0.59ms
[2106383262][DBG][ENCODE] encode: 0.33ms
[2106383263][DBG][CAPTURE] capture_frame: 1.53ms
[2106383264][DBG][ENCODE] encode: 0.42ms
[2106383264][DBG][CAPTURE] capture_frame: 0.40ms
[2106383264][DBG][ENCODE] encode: 0.31ms
[2106383265][DBG][CAPTURE] capture_frame: 0.67ms
[2106383265][DBG][ENCODE] encode: 0.32ms
[2106383266][DBG][CAPTURE] capture_frame: 0.55ms
[2106383266][DBG][ENCODE] encode: 0.28ms
[2106383267][DBG][CAPTURE] capture_frame: 0.64ms
[2106383267][DBG][ENCODE] encode: 0.25ms
[2106383268][DBG][CAPTURE] capture_frame: 0.69ms
[2106383268][DBG][ENCODE] encode: 0.28ms
[2106383269][DBG][CAPTURE] capture_frame: 0.70ms
[2106383269][DBG][ENCODE] encode: 0.33ms
[2106383300][DBG][CAPTURE] capture_frame: 30.51ms
[2106383331][DBG][CAPTURE] capture_frame: 30.70ms
[2106383362][DBG][CAPTURE] capture_frame: 31.51ms
[2106383393][DBG][CAPTURE] capture_frame: 30.45ms
[2106383409][DBG][CAPTURE] capture_frame: 15.99ms
[2106383440][DBG][CAPTURE] capture_frame: 30.92ms
[2106383456][DBG][CAPTURE] capture_frame: 16.07ms
[2106383487][DBG][CAPTURE] capture_frame: 30.64ms
[2106383517][DBG][CAPTURE] capture_frame: 30.20ms
[2106383548][DBG][CAPTURE] capture_frame: 30.86ms
[2106383579][DBG][CAPTURE] capture_frame: 30.47ms
[2106383610][DBG][CAPTURE] capture_frame: 30.96ms
[2106383626][DBG][CAPTURE] capture_frame: 15.94ms
[2106383657][DBG][CAPTURE] capture_frame: 31.15ms
[2106383688][DBG][CAPTURE] capture_frame: 30.57ms
[2106383718][DBG][CAPTURE] capture_frame: 30.70ms
[2106383736][DBG][CAPTURE] capture_frame: 17.93ms
[2106383738][DBG][ENCODE] encode: 2.06ms
[2106383740][DBG][CAPTURE] capture_frame: 0.05ms
[2106383740][DBG][ENCODE] encode: 0.43ms
[2106383741][DBG][CAPTURE] capture_frame: 0.02ms
[2106383741][DBG][ENCODE] encode: 0.25ms
[2106383741][DBG][CAPTURE] capture_frame: 0.30ms
[2106383741][DBG][ENCODE] encode: 0.27ms
[2106383742][DBG][CAPTURE] capture_frame: 0.61ms
[2106383742][DBG][ENCODE] encode: 0.26ms
[2106383743][DBG][CAPTURE] capture_frame: 0.67ms
[2106383743][DBG][ENCODE] encode: 0.29ms
[2106383745][DBG][CAPTURE] capture_frame: 1.69ms
[2106383746][DBG][ENCODE] encode: 0.34ms
[2106383746][DBG][CAPTURE] capture_frame: 0.53ms
[2106383746][DBG][ENCODE] encode: 0.34ms
[2106383748][DBG][CAPTURE] capture_frame: 1.62ms
[2106383749][DBG][ENCODE] encode: 0.54ms
[2106383765][DBG][CAPTURE] capture_frame: 16.20ms
[2106383797][DBG][CAPTURE] capture_frame: 31.39ms
[2106383827][DBG][CAPTURE] capture_frame: 30.83ms
[2106383859][DBG][CAPTURE] capture_frame: 31.42ms
[2106383864][DBG][CAPTURE] capture_frame: 4.88ms
[2106383865][DBG][ENCODE] encode: 1.35ms
[2106383890][DBG][CAPTURE] capture_frame: 23.80ms
[2106383895][DBG][CAPTURE] capture_frame: 4.23ms
[2106383895][DBG][ENCODE] encode: 0.80ms
[2106383913][DBG][CAPTURE] capture_frame: 16.60ms
[2106383914][DBG][ENCODE] encode: 0.82ms
[2106383921][DBG][CAPTURE] capture_frame: 7.67ms
[2106383922][DBG][ENCODE] encode: 0.63ms
[2106383937][DBG][CAPTURE] capture_frame: 14.80ms
[2106383938][DBG][ENCODE] encode: 1.17ms
[2106383940][DBG][CAPTURE] capture_frame: 0.96ms
[2106383941][DBG][ENCODE] encode: 0.47ms
[2106383967][DBG][CAPTURE] capture_frame: 26.59ms
[2106383998][DBG][CAPTURE] capture_frame: 31.05ms
[2106384029][DBG][CAPTURE] capture_frame: 30.78ms
[2106384052][DBG][CAPTURE] capture_frame: 22.75ms
[2106384053][DBG][ENCODE] encode: 1.00ms
[2106384076][DBG][CAPTURE] capture_frame: 21.99ms
[2106384083][DBG][CAPTURE] capture_frame: 7.23ms
[2106384084][DBG][ENCODE] encode: 0.73ms
[2106384107][DBG][CAPTURE] capture_frame: 22.48ms
[2106384108][DBG][CAPTURE] capture_frame: 0.36ms
[2106384108][DBG][ENCODE] encode: 0.69ms
[2106384125][DBG][CAPTURE] capture_frame: 16.33ms
[2106384126][DBG][ENCODE] encode: 0.74ms
[2106384141][DBG][CAPTURE] capture_frame: 15.14ms
[2106384142][DBG][ENCODE] encode: 0.95ms
[2106384143][DBG][CAPTURE] capture_frame: 0.78ms
[2106384144][DBG][ENCODE] encode: 0.40ms
[2106384147][DBG][CAPTURE] capture_frame: 3.46ms
[2106384148][DBG][ENCODE] encode: 0.55ms
[2106384150][DBG][CAPTURE] capture_frame: 2.28ms
[2106384151][DBG][ENCODE] encode: 0.45ms
[2106384152][DBG][CAPTURE] capture_frame: 1.40ms
[2106384153][DBG][ENCODE] encode: 0.40ms
[2106384153][DBG][CAPTURE] capture_frame: 0.49ms
[2106384154][DBG][ENCODE] encode: 0.49ms
[2106384155][DBG][CAPTURE] capture_frame: 1.47ms
[2106384156][DBG][ENCODE] encode: 0.55ms
[2106384156][DBG][CAPTURE] capture_frame: 0.03ms
[2106384157][DBG][ENCODE] encode: 0.27ms
[2106384159][DBG][CAPTURE] capture_frame: 2.57ms
[2106384160][DBG][ENCODE] encode: 0.40ms
[2106384161][DBG][CAPTURE] capture_frame: 1.51ms
[2106384162][DBG][ENCODE] encode: 0.45ms
[2106384163][DBG][CAPTURE] capture_frame: 1.46ms
[2106384164][DBG][ENCODE] encode: 0.57ms
[2106384184][DBG][CAPTURE] capture_frame: 19.89ms
[2106384215][DBG][CAPTURE] capture_frame: 30.68ms
[2106384246][DBG][CAPTURE] capture_frame: 31.40ms
[2106384265][DBG][CAPTURE] capture_frame: 18.45ms
[2106384266][DBG][ENCODE] encode: 1.23ms
[2106384267][DBG][CAPTURE] capture_frame: 0.04ms
[2106384267][DBG][ENCODE] encode: 0.29ms
[2106384267][DBG][CAPTURE] capture_frame: 0.10ms
[2106384267][DBG][ENCODE] encode: 0.26ms
[2106384268][DBG][CAPTURE] capture_frame: 0.68ms
[2106384268][DBG][ENCODE] encode: 0.26ms
[2106384269][DBG][CAPTURE] capture_frame: 0.67ms
[2106384269][DBG][ENCODE] encode: 0.30ms
[2106384270][DBG][CAPTURE] capture_frame: 0.57ms
[2106384270][DBG][ENCODE] encode: 0.34ms
[2106384271][DBG][CAPTURE] capture_frame: 0.03ms
[2106384271][DBG][ENCODE] encode: 0.28ms
[2106384271][DBG][CAPTURE] capture_frame: 0.37ms
[2106384272][DBG][ENCODE] encode: 0.28ms
[2106384272][DBG][CAPTURE] capture_frame: 0.48ms
[2106384272][DBG][ENCODE] encode: 0.27ms
[2106384273][DBG][CAPTURE] capture_frame: 0.66ms
[2106384273][DBG][ENCODE] encode: 0.28ms
[2106384273][DBG][CAPTURE] capture_frame: 0.03ms
[2106384274][DBG][ENCODE] encode: 0.29ms
[2106384274][DBG][CAPTURE] capture_frame: 0.33ms
[2106384275][DBG][ENCODE] encode: 0.32ms
[2106384275][DBG][CAPTURE] capture_frame: 0.50ms
[2106384275][DBG][ENCODE] encode: 0.29ms
[2106384276][DBG][CAPTURE] capture_frame: 0.75ms
[2106384277][DBG][ENCODE] encode: 0.31ms
[2106384277][DBG][CAPTURE] capture_frame: 0.52ms
[2106384277][DBG][ENCODE] encode: 0.29ms
[2106384278][DBG][CAPTURE] capture_frame: 0.58ms
[2106384278][DBG][ENCODE] encode: 0.31ms
[2106384279][DBG][CAPTURE] capture_frame: 0.58ms
[2106384279][ERR][ENCODE] SubmitInput failed: 25
[2106384279][DBG][ENCODE] encode: 0.05ms
[2106384280][DBG][CAPTURE] capture_frame: 0.89ms
[2106384280][ERR][ENCODE] SubmitInput failed: 25
[2106384280][DBG][ENCODE] encode: 0.06ms
[2106384281][DBG][CAPTURE] capture_frame: 0.82ms
[2106384281][ERR][ENCODE] SubmitInput failed: 25
[2106384281][DBG][ENCODE] encode: 0.04ms
[2106384282][DBG][CAPTURE] capture_frame: 0.86ms
[2106384282][ERR][ENCODE] SubmitInput failed: 25
[2106384282][DBG][ENCODE] encode: 0.04ms
[2106384283][DBG][CAPTURE] capture_frame: 0.93ms
[2106384283][ERR][ENCODE] SubmitInput failed: 25
[2106384283][DBG][ENCODE] encode: 0.04ms
[2106384284][DBG][CAPTURE] capture_frame: 0.87ms
[2106384284][ERR][ENCODE] SubmitInput failed: 25
[2106384284][DBG][ENCODE] encode: 0.05ms
[2106384284][DBG][CAPTURE] capture_frame: 0.25ms
[2106384285][ERR][ENCODE] SubmitInput failed: 25
[2106384285][DBG][ENCODE] encode: 0.04ms
[2106384285][DBG][CAPTURE] capture_frame: 0.61ms
[2106384285][ERR][ENCODE] SubmitInput failed: 25
[2106384285][DBG][ENCODE] encode: 0.05ms
[2106384286][DBG][CAPTURE] capture_frame: 0.82ms
[2106384286][ERR][ENCODE] SubmitInput failed: 25
[2106384286][DBG][ENCODE] encode: 0.05ms
[2106384288][DBG][CAPTURE] capture_frame: 1.98ms
[2106384288][ERR][ENCODE] SubmitInput failed: 25
[2106384288][DBG][ENCODE] encode: 0.11ms
[2106384309][DBG][CAPTURE] capture_frame: 20.53ms
[2106384340][DBG][CAPTURE] capture_frame: 31.00ms
[2106384371][DBG][CAPTURE] capture_frame: 31.20ms
[2106384388][DBG][CAPTURE] capture_frame: 16.53ms
[2106384419][DBG][CAPTURE] capture_frame: 31.00ms
[2106384449][DBG][CAPTURE] capture_frame: 30.24ms
[2106384459][DBG][CAPTURE] capture_frame: 9.05ms
[2106384461][DBG][ENCODE] encode: 2.42ms
[2106384461][INF][HOST] Frames: 420, FPS: 39.3, RTT: 108.4ms, state: connected
[2106384496][DBG][CAPTURE] capture_frame: 28.79ms
[2106384527][DBG][CAPTURE] capture_frame: 31.29ms
[2106384533][DBG][CAPTURE] capture_frame: 5.93ms
[2106384534][DBG][ENCODE] encode: 1.05ms
[2106384546][DBG][CAPTURE] capture_frame: 11.39ms
[2106384547][DBG][ENCODE] encode: 0.62ms
[2106384558][DBG][CAPTURE] capture_frame: 11.55ms
[2106384559][DBG][ENCODE] encode: 0.98ms
[2106384569][DBG][CAPTURE] capture_frame: 9.26ms
[2106384570][DBG][ENCODE] encode: 0.75ms
[2106384581][DBG][CAPTURE] capture_frame: 11.22ms
[2106384582][DBG][ENCODE] encode: 1.04ms
[2106384599][DBG][CAPTURE] capture_frame: 16.88ms
[2106384600][DBG][ENCODE] encode: 0.86ms
[2106384601][DBG][CAPTURE] capture_frame: 0.60ms
[2106384602][DBG][ENCODE] encode: 0.35ms
[2106384605][DBG][CAPTURE] capture_frame: 3.67ms
[2106384606][DBG][ENCODE] encode: 0.63ms
[2106384635][DBG][CAPTURE] capture_frame: 28.55ms
[2106384636][DBG][ENCODE] encode: 0.94ms
[2106384636][DBG][CAPTURE] capture_frame: 0.03ms
[2106384636][DBG][ENCODE] encode: 0.25ms
[2106384636][DBG][CAPTURE] capture_frame: 0.02ms
[2106384637][DBG][ENCODE] encode: 0.27ms
[2106384637][DBG][CAPTURE] capture_frame: 0.54ms
[2106384637][DBG][ENCODE] encode: 0.30ms
[2106384638][DBG][CAPTURE] capture_frame: 0.64ms
[2106384638][DBG][ENCODE] encode: 0.32ms
[2106384639][DBG][CAPTURE] capture_frame: 0.60ms
[2106384639][DBG][ENCODE] encode: 0.31ms
[2106384640][DBG][CAPTURE] capture_frame: 0.65ms
[2106384641][DBG][ENCODE] encode: 0.31ms
[2106384641][DBG][CAPTURE] capture_frame: 0.54ms
[2106384641][DBG][ENCODE] encode: 0.33ms
[2106384642][DBG][CAPTURE] capture_frame: 0.59ms
[2106384642][DBG][ENCODE] encode: 0.27ms
[2106384643][DBG][CAPTURE] capture_frame: 0.68ms
[2106384643][DBG][ENCODE] encode: 0.33ms
[2106384644][DBG][CAPTURE] capture_frame: 0.29ms
[2106384644][DBG][ENCODE] encode: 0.34ms
[2106384644][DBG][CAPTURE] capture_frame: 0.03ms
[2106384645][DBG][ENCODE] encode: 0.24ms
[2106384645][DBG][CAPTURE] capture_frame: 0.53ms
[2106384646][DBG][ENCODE] encode: 0.33ms
[2106384646][DBG][CAPTURE] capture_frame: 0.02ms
[2106384646][DBG][ENCODE] encode: 0.42ms
[2106384646][DBG][CAPTURE] capture_frame: 0.05ms
[2106384646][DBG][ENCODE] encode: 0.28ms
[2106384647][DBG][CAPTURE] capture_frame: 0.65ms
[2106384648][DBG][ENCODE] encode: 0.35ms
[2106384648][DBG][CAPTURE] capture_frame: 0.53ms
[2106384648][ERR][ENCODE] SubmitInput failed: 25
[2106384648][DBG][ENCODE] encode: 0.05ms
[2106384667][DBG][CAPTURE] capture_frame: 18.73ms
[2106384699][DBG][CAPTURE] capture_frame: 31.45ms
[2106384729][DBG][CAPTURE] capture_frame: 30.78ms
[2106384761][DBG][CAPTURE] capture_frame: 31.25ms
[2106384792][DBG][CAPTURE] capture_frame: 30.82ms
[2106384793][DBG][CAPTURE] capture_frame: 0.73ms
[2106384794][DBG][ENCODE] encode: 1.78ms
[2106384795][DBG][CAPTURE] capture_frame: 0.03ms
[2106384796][DBG][ENCODE] encode: 0.31ms
[2106384796][DBG][CAPTURE] capture_frame: 0.43ms
[2106384796][DBG][ENCODE] encode: 0.29ms
[2106384808][DBG][CAPTURE] capture_frame: 11.70ms
[2106384809][DBG][ENCODE] encode: 0.92ms
[2106384839][DBG][CAPTURE] capture_frame: 29.59ms
[2106384870][DBG][CAPTURE] capture_frame: 31.34ms
[2106384901][DBG][CAPTURE] capture_frame: 30.95ms
[2106384903][DBG][CAPTURE] capture_frame: 1.25ms
[2106384904][DBG][ENCODE] encode: 0.88ms
[2106384915][DBG][CAPTURE] capture_frame: 10.73ms
[2106384916][DBG][ENCODE] encode: 0.96ms
[2106384927][DBG][CAPTURE] capture_frame: 11.17ms
[2106384928][DBG][ENCODE] encode: 0.86ms
[2106384931][DBG][CAPTURE] capture_frame: 2.72ms
[2106384932][DBG][ENCODE] encode: 0.95ms
[2106384949][DBG][CAPTURE] capture_frame: 16.39ms
[2106384950][DBG][CAPTURE] capture_frame: 0.92ms
[2106384951][DBG][ENCODE] encode: 1.38ms
[2106384953][DBG][CAPTURE] capture_frame: 1.48ms
[2106384954][DBG][ENCODE] encode: 0.57ms
[2106384980][DBG][CAPTURE] capture_frame: 26.08ms
[2106384994][DBG][CAPTURE] capture_frame: 13.58ms
[2106384995][DBG][ENCODE] encode: 0.79ms
[2106385010][DBG][CAPTURE] capture_frame: 14.77ms
[2106385011][DBG][ENCODE] encode: 1.27ms
[2106385027][DBG][CAPTURE] capture_frame: 15.63ms
[2106385028][DBG][ENCODE] encode: 1.24ms
[2106385049][DBG][CAPTURE] capture_frame: 20.26ms
[2106385050][DBG][ENCODE] encode: 0.99ms
[2106385062][DBG][CAPTURE] capture_frame: 12.17ms
[2106385063][DBG][ENCODE] encode: 0.96ms
[2106385064][DBG][CAPTURE] capture_frame: 0.21ms
[2106385064][DBG][ENCODE] encode: 0.41ms
[2106385064][DBG][CAPTURE] capture_frame: 0.02ms
[2106385064][DBG][ENCODE] encode: 0.23ms
[2106385065][DBG][CAPTURE] capture_frame: 0.61ms
[2106385065][DBG][ENCODE] encode: 0.33ms
[2106385069][DBG][CAPTURE] capture_frame: 3.65ms
[2106385070][DBG][ENCODE] encode: 0.61ms
[2106385071][DBG][CAPTURE] capture_frame: 1.23ms
[2106385072][DBG][ENCODE] encode: 0.42ms
[2106385072][DBG][CAPTURE] capture_frame: 0.59ms
[2106385073][DBG][ENCODE] encode: 0.46ms
[2106385089][DBG][CAPTURE] capture_frame: 16.31ms
[2106385120][DBG][CAPTURE] capture_frame: 30.46ms
[2106385126][DBG][CAPTURE] capture_frame: 6.43ms
[2106385128][DBG][ENCODE] encode: 1.40ms
[2106385128][INF][HOST] Frames: 480, FPS: 42.3, RTT: 78.6ms, state: connected
[2106385128][DBG][CAPTURE] capture_frame: 0.05ms
[2106385129][DBG][ENCODE] encode: 0.43ms
[2106385129][DBG][CAPTURE] capture_frame: 0.03ms
[2106385129][DBG][ENCODE] encode: 0.24ms
[2106385131][DBG][CAPTURE] capture_frame: 2.30ms
[2106385132][DBG][ENCODE] encode: 0.55ms
[2106385132][DBG][CAPTURE] capture_frame: 0.28ms
[2106385133][DBG][ENCODE] encode: 0.52ms
[2106385133][DBG][CAPTURE] capture_frame: 0.39ms
[2106385134][DBG][ENCODE] encode: 0.56ms
[2106385135][DBG][CAPTURE] capture_frame: 1.26ms
[2106385136][DBG][ENCODE] encode: 0.25ms
[2106385137][DBG][CAPTURE] capture_frame: 1.55ms
[2106385137][DBG][ENCODE] encode: 0.32ms
[2106385138][DBG][CAPTURE] capture_frame: 0.60ms
[2106385139][DBG][ENCODE] encode: 0.46ms
[2106385139][DBG][CAPTURE] capture_frame: 0.49ms
[2106385139][DBG][ENCODE] encode: 0.27ms
[2106385140][DBG][CAPTURE] capture_frame: 0.60ms
[2106385140][DBG][ENCODE] encode: 0.24ms
[2106385166][DBG][CAPTURE] capture_frame: 26.02ms
[2106385197][DBG][CAPTURE] capture_frame: 30.63ms
[2106385228][DBG][CAPTURE] capture_frame: 30.63ms
[2106385255][DBG][CAPTURE] capture_frame: 26.74ms
[2106385258][DBG][ENCODE] encode: 2.71ms
[2106385266][DBG][CAPTURE] capture_frame: 0.08ms
[2106385266][DBG][ENCODE] encode: 0.52ms
[2106385290][DBG][CAPTURE] capture_frame: 23.75ms
[2106385292][DBG][CAPTURE] capture_frame: 1.25ms
[2106385292][DBG][ENCODE] encode: 0.72ms
[2106385293][DBG][CAPTURE] capture_frame: 0.06ms
[2106385293][DBG][ENCODE] encode: 0.33ms
[2106385293][DBG][CAPTURE] capture_frame: 0.06ms
[2106385294][DBG][ENCODE] encode: 0.35ms
[2106385294][DBG][CAPTURE] capture_frame: 0.54ms
[2106385294][DBG][ENCODE] encode: 0.27ms
[2106385295][DBG][CAPTURE] capture_frame: 0.49ms
[2106385295][DBG][ENCODE] encode: 0.25ms
[2106385296][DBG][CAPTURE] capture_frame: 0.70ms
[2106385297][DBG][ENCODE] encode: 0.35ms
[2106385297][DBG][CAPTURE] capture_frame: 0.63ms
[2106385298][DBG][ENCODE] encode: 0.43ms
[2106385322][DBG][CAPTURE] capture_frame: 24.06ms
[2106385353][DBG][CAPTURE] capture_frame: 31.36ms
[2106385384][DBG][CAPTURE] capture_frame: 30.53ms
[2106385388][DBG][CAPTURE] capture_frame: 4.13ms
[2106385390][DBG][ENCODE] encode: 1.31ms
[2106385390][DBG][CAPTURE] capture_frame: 0.24ms
[2106385391][DBG][ENCODE] encode: 0.37ms
[2106385391][DBG][CAPTURE] capture_frame: 0.03ms
[2106385391][DBG][ENCODE] encode: 0.29ms
[2106385391][DBG][CAPTURE] capture_frame: 0.09ms
[2106385391][DBG][ENCODE] encode: 0.31ms
[2106385392][DBG][CAPTURE] capture_frame: 0.65ms
[2106385393][DBG][ENCODE] encode: 0.30ms
[2106385393][DBG][CAPTURE] capture_frame: 0.59ms
[2106385394][DBG][ENCODE] encode: 0.36ms
[2106385394][DBG][CAPTURE] capture_frame: 0.54ms
[2106385394][DBG][ENCODE] encode: 0.33ms
[2106385395][DBG][CAPTURE] capture_frame: 0.58ms
[2106385395][DBG][ENCODE] encode: 0.30ms
[2106385396][DBG][CAPTURE] capture_frame: 0.59ms
[2106385396][DBG][ENCODE] encode: 0.32ms
[2106385397][DBG][CAPTURE] capture_frame: 0.65ms
[2106385398][DBG][ENCODE] encode: 0.37ms
[2106385398][DBG][CAPTURE] capture_frame: 0.43ms
[2106385398][DBG][ENCODE] encode: 0.27ms
[2106385399][DBG][CAPTURE] capture_frame: 0.67ms
[2106385399][DBG][ENCODE] encode: 0.30ms
[2106385400][DBG][CAPTURE] capture_frame: 0.63ms
[2106385401][DBG][ENCODE] encode: 0.36ms
[2106385401][DBG][CAPTURE] capture_frame: 0.56ms
[2106385401][DBG][ENCODE] encode: 0.32ms
[2106385402][DBG][CAPTURE] capture_frame: 0.60ms
[2106385402][DBG][ENCODE] encode: 0.27ms
[2106385403][DBG][CAPTURE] capture_frame: 0.64ms
[2106385403][DBG][ENCODE] encode: 0.23ms
[2106385404][DBG][CAPTURE] capture_frame: 0.77ms
[2106385404][ERR][ENCODE] SubmitInput failed: 25
[2106385404][DBG][ENCODE] encode: 0.07ms
[2106385405][DBG][CAPTURE] capture_frame: 0.82ms
[2106385405][ERR][ENCODE] SubmitInput failed: 25
[2106385405][DBG][ENCODE] encode: 0.06ms
[2106385406][DBG][CAPTURE] capture_frame: 0.78ms
[2106385406][ERR][ENCODE] SubmitInput failed: 25
[2106385406][DBG][ENCODE] encode: 0.08ms
[2106385407][DBG][CAPTURE] capture_frame: 0.78ms
[2106385407][ERR][ENCODE] SubmitInput failed: 25
[2106385407][DBG][ENCODE] encode: 0.07ms
[2106385408][DBG][CAPTURE] capture_frame: 0.90ms
[2106385408][ERR][ENCODE] SubmitInput failed: 25
[2106385408][DBG][ENCODE] encode: 0.04ms
[2106385409][DBG][CAPTURE] capture_frame: 0.86ms
[2106385409][ERR][ENCODE] SubmitInput failed: 25
[2106385409][DBG][ENCODE] encode: 0.05ms
[2106385432][DBG][CAPTURE] capture_frame: 22.61ms
[2106385463][DBG][CAPTURE] capture_frame: 30.83ms
[2106385494][DBG][CAPTURE] capture_frame: 31.60ms
[2106385524][DBG][CAPTURE] capture_frame: 29.41ms
[2106385555][DBG][CAPTURE] capture_frame: 30.77ms
[2106385577][DBG][CAPTURE] capture_frame: 22.30ms
[2106385579][DBG][ENCODE] encode: 2.03ms
[2106385580][DBG][CAPTURE] capture_frame: 0.04ms
[2106385580][DBG][ENCODE] encode: 0.27ms
[2106385580][DBG][CAPTURE] capture_frame: 0.02ms
[2106385581][DBG][ENCODE] encode: 0.26ms
[2106385581][DBG][CAPTURE] capture_frame: 0.42ms
[2106385582][DBG][ENCODE] encode: 0.38ms
[2106385582][DBG][CAPTURE] capture_frame: 0.51ms
[2106385583][DBG][ENCODE] encode: 0.37ms
[2106385583][DBG][CAPTURE] capture_frame: 0.61ms
[2106385584][DBG][ENCODE] encode: 0.44ms
[2106385584][DBG][CAPTURE] capture_frame: 0.35ms
[2106385584][DBG][ENCODE] encode: 0.29ms
[2106385585][DBG][CAPTURE] capture_frame: 0.63ms
[2106385585][DBG][ENCODE] encode: 0.31ms
[2106385586][DBG][CAPTURE] capture_frame: 0.65ms
[2106385586][DBG][ENCODE] encode: 0.27ms
[2106385587][DBG][CAPTURE] capture_frame: 0.64ms
[2106385588][DBG][ENCODE] encode: 0.32ms
[2106385588][DBG][CAPTURE] capture_frame: 0.68ms
[2106385589][DBG][ENCODE] encode: 0.42ms
[2106385617][DBG][CAPTURE] capture_frame: 28.34ms
[2106385633][DBG][CAPTURE] capture_frame: 16.03ms
[2106385664][DBG][CAPTURE] capture_frame: 30.74ms
[2106385680][DBG][CAPTURE] capture_frame: 15.95ms
[2106385711][DBG][CAPTURE] capture_frame: 30.42ms
[2106385741][DBG][CAPTURE] capture_frame: 30.64ms
[2106385773][DBG][CAPTURE] capture_frame: 31.11ms
[2106385790][DBG][CAPTURE] capture_frame: 0.13ms
[2106385793][DBG][ENCODE] encode: 2.26ms
[2106385800][DBG][CAPTURE] capture_frame: 6.87ms
[2106385801][DBG][ENCODE] encode: 0.75ms
[2106385818][DBG][CAPTURE] capture_frame: 17.03ms
[2106385850][DBG][CAPTURE] capture_frame: 31.21ms
[2106385861][DBG][CAPTURE] capture_frame: 11.43ms
[2106385862][DBG][ENCODE] encode: 1.09ms
[2106385881][DBG][CAPTURE] capture_frame: 18.42ms
[2106385887][DBG][CAPTURE] capture_frame: 5.29ms
[2106385887][DBG][ENCODE] encode: 0.71ms
[2106385912][DBG][CAPTURE] capture_frame: 24.36ms
[2106385913][DBG][ENCODE] encode: 0.88ms
[2106385945][DBG][CAPTURE] capture_frame: 31.47ms
[2106385950][DBG][CAPTURE] capture_frame: 5.78ms
[2106385951][DBG][ENCODE] encode: 0.70ms
[2106385976][DBG][CAPTURE] capture_frame: 24.27ms
[2106385991][DBG][CAPTURE] capture_frame: 15.01ms
[2106385992][DBG][ENCODE] encode: 0.88ms
[2106386019][DBG][CAPTURE] capture_frame: 27.08ms
[2106386020][DBG][ENCODE] encode: 0.91ms
[2106386035][DBG][CAPTURE] capture_frame: 14.80ms
[2106386036][DBG][ENCODE] encode: 0.95ms
[2106386050][DBG][CAPTURE] capture_frame: 14.21ms
[2106386051][DBG][ENCODE] encode: 0.87ms
[2106386069][DBG][CAPTURE] capture_frame: 17.39ms
[2106386084][DBG][CAPTURE] capture_frame: 14.53ms
[2106386084][DBG][ENCODE] encode: 0.59ms
[2106386110][DBG][CAPTURE] capture_frame: 25.88ms
[2106386111][DBG][ENCODE] encode: 0.72ms
[2106386131][DBG][CAPTURE] capture_frame: 19.77ms
[2106386134][DBG][CAPTURE] capture_frame: 2.48ms
[2106386135][DBG][ENCODE] encode: 0.77ms
[2106386152][DBG][CAPTURE] capture_frame: 17.42ms
[2106386153][DBG][ENCODE] encode: 0.76ms
[2106386153][INF][HOST] Frames: 540, FPS: 43.7, RTT: 6.4ms, state: connected
[2106386172][DBG][CAPTURE] capture_frame: 19.02ms
[2106386173][DBG][ENCODE] encode: 0.84ms
[2106386189][DBG][CAPTURE] capture_frame: 15.28ms
[2106386190][DBG][ENCODE] encode: 0.89ms
[2106386211][DBG][CAPTURE] capture_frame: 20.88ms
[2106386212][DBG][CAPTURE] capture_frame: 1.07ms
[2106386213][DBG][ENCODE] encode: 0.78ms
[2106386228][DBG][CAPTURE] capture_frame: 14.69ms
[2106386228][DBG][ENCODE] encode: 0.70ms
[2106386245][DBG][CAPTURE] capture_frame: 16.07ms
[2106386246][DBG][ENCODE] encode: 1.69ms
[2106386263][DBG][CAPTURE] capture_frame: 10.52ms
[2106386263][DBG][ENCODE] encode: 0.65ms
[2106386279][DBG][CAPTURE] capture_frame: 15.99ms
[2106386281][DBG][ENCODE] encode: 1.21ms
[2106386299][DBG][CAPTURE] capture_frame: 17.58ms
[2106386300][DBG][ENCODE] encode: 1.07ms
[2106386316][DBG][CAPTURE] capture_frame: 15.67ms
[2106386318][DBG][ENCODE] encode: 1.69ms
[2106386331][DBG][CAPTURE] capture_frame: 13.08ms
[2106386332][DBG][ENCODE] encode: 0.97ms
[2106386347][DBG][CAPTURE] capture_frame: 14.42ms
[2106386348][DBG][ENCODE] encode: 0.65ms
[2106386365][DBG][CAPTURE] capture_frame: 17.41ms
[2106386367][DBG][ENCODE] encode: 1.40ms
[2106386383][DBG][CAPTURE] capture_frame: 16.47ms
[2106386384][DBG][ENCODE] encode: 0.89ms
[2106386396][DBG][CAPTURE] capture_frame: 11.40ms
[2106386397][DBG][ENCODE] encode: 0.55ms
[2106386411][DBG][CAPTURE] capture_frame: 14.41ms
[2106386413][DBG][ENCODE] encode: 1.70ms
[2106386427][DBG][CAPTURE] capture_frame: 13.46ms
[2106386428][DBG][ENCODE] encode: 1.06ms
[2106386440][DBG][CAPTURE] capture_frame: 11.70ms
[2106386441][DBG][ENCODE] encode: 0.83ms
[2106386455][DBG][CAPTURE] capture_frame: 14.40ms
[2106386456][DBG][ENCODE] encode: 0.80ms
[2106386469][DBG][CAPTURE] capture_frame: 12.19ms
[2106386469][DBG][ENCODE] encode: 0.56ms
[2106386482][DBG][CAPTURE] capture_frame: 12.17ms
[2106386483][DBG][ENCODE] encode: 0.83ms
[2106386499][DBG][CAPTURE] capture_frame: 16.53ms
[2106386500][DBG][ENCODE] encode: 1.08ms
[2106386515][DBG][CAPTURE] capture_frame: 14.48ms
[2106386517][DBG][ENCODE] encode: 1.30ms
[2106386530][DBG][CAPTURE] capture_frame: 12.81ms
[2106386530][DBG][ENCODE] encode: 0.61ms
[2106386543][DBG][CAPTURE] capture_frame: 11.95ms
[2106386543][DBG][ENCODE] encode: 0.66ms
[2106386559][DBG][CAPTURE] capture_frame: 15.73ms
[2106386561][DBG][ENCODE] encode: 1.83ms
[2106386574][DBG][CAPTURE] capture_frame: 12.60ms
[2106386575][DBG][ENCODE] encode: 0.85ms
[2106386590][DBG][CAPTURE] capture_frame: 14.14ms
[2106386590][DBG][ENCODE] encode: 0.81ms
[2106386603][DBG][CAPTURE] capture_frame: 11.89ms
[2106386603][DBG][ENCODE] encode: 0.76ms
[2106386616][DBG][CAPTURE] capture_frame: 12.14ms
[2106386616][DBG][ENCODE] encode: 0.61ms
[2106386631][DBG][CAPTURE] capture_frame: 14.42ms
[2106386632][DBG][ENCODE] encode: 0.95ms
[2106386649][DBG][CAPTURE] capture_frame: 16.50ms
[2106386650][DBG][ENCODE] encode: 1.27ms
[2106386663][DBG][CAPTURE] capture_frame: 12.55ms
[2106386664][DBG][ENCODE] encode: 0.65ms
[2106386679][DBG][CAPTURE] capture_frame: 14.53ms
[2106386680][DBG][ENCODE] encode: 1.09ms
[2106386694][DBG][CAPTURE] capture_frame: 13.55ms
[2106386695][DBG][ENCODE] encode: 1.10ms
[2106386707][DBG][CAPTURE] capture_frame: 12.18ms
[2106386708][DBG][ENCODE] encode: 0.87ms
[2106386722][DBG][CAPTURE] capture_frame: 14.03ms
[2106386724][DBG][ENCODE] encode: 1.21ms
[2106386736][DBG][CAPTURE] capture_frame: 12.00ms
[2106386737][DBG][ENCODE] encode: 0.68ms
[2106386749][DBG][CAPTURE] capture_frame: 12.37ms
[2106386750][DBG][ENCODE] encode: 0.62ms
[2106386764][DBG][CAPTURE] capture_frame: 14.22ms
[2106386765][DBG][ENCODE] encode: 1.04ms
[2106386783][DBG][CAPTURE] capture_frame: 16.83ms
[2106386784][DBG][ENCODE] encode: 1.26ms
[2106386796][DBG][CAPTURE] capture_frame: 12.22ms
[2106386797][DBG][ENCODE] encode: 0.50ms
[2106386811][DBG][CAPTURE] capture_frame: 14.20ms
[2106386812][DBG][ENCODE] encode: 1.06ms
[2106386826][DBG][CAPTURE] capture_frame: 13.08ms
[2106386827][DBG][ENCODE] encode: 0.98ms
[2106386839][DBG][CAPTURE] capture_frame: 12.29ms
[2106386840][DBG][ENCODE] encode: 0.69ms
[2106386854][DBG][CAPTURE] capture_frame: 13.22ms
[2106386854][DBG][ENCODE] encode: 0.88ms
[2106386866][DBG][CAPTURE] capture_frame: 11.59ms
[2106386867][DBG][ENCODE] encode: 0.98ms
[2106386885][DBG][CAPTURE] capture_frame: 17.59ms
[2106386886][DBG][ENCODE] encode: 1.07ms
[2106386901][DBG][CAPTURE] capture_frame: 13.83ms
[2106386901][DBG][ENCODE] encode: 0.67ms
[2106386914][DBG][CAPTURE] capture_frame: 12.11ms
[2106386914][DBG][ENCODE] encode: 0.82ms
[2106386929][DBG][CAPTURE] capture_frame: 14.74ms
[2106386930][DBG][ENCODE] encode: 0.56ms
[2106386945][DBG][CAPTURE] capture_frame: 14.64ms
[2106386946][DBG][ENCODE] encode: 1.19ms
[2106386961][DBG][CAPTURE] capture_frame: 14.61ms
[2106386962][DBG][ENCODE] encode: 0.95ms
[2106386976][DBG][CAPTURE] capture_frame: 14.16ms
[2106386978][DBG][ENCODE] encode: 1.30ms
[2106386991][DBG][CAPTURE] capture_frame: 12.54ms
[2106386991][DBG][ENCODE] encode: 0.73ms
[2106387003][DBG][CAPTURE] capture_frame: 11.86ms
[2106387004][DBG][ENCODE] encode: 0.58ms
[2106387017][DBG][CAPTURE] capture_frame: 12.84ms
[2106387018][DBG][ENCODE] encode: 0.76ms
[2106387032][DBG][CAPTURE] capture_frame: 14.48ms
[2106387033][DBG][ENCODE] encode: 0.96ms
[2106387050][DBG][CAPTURE] capture_frame: 16.16ms
[2106387051][DBG][ENCODE] encode: 1.10ms
[2106387064][DBG][CAPTURE] capture_frame: 12.98ms
[2106387065][DBG][ENCODE] encode: 0.76ms
[2106387086][DBG][CAPTURE] capture_frame: 20.21ms
[2106387116][DBG][CAPTURE] capture_frame: 30.90ms
[2106387147][DBG][CAPTURE] capture_frame: 30.89ms
[2106387178][DBG][CAPTURE] capture_frame: 30.95ms
[2106387209][DBG][CAPTURE] capture_frame: 30.56ms
[2106387240][DBG][CAPTURE] capture_frame: 31.03ms
[2106387262][DBG][CAPTURE] capture_frame: 22.09ms
[2106387263][DBG][ENCODE] encode: 0.56ms
[2106387269][DBG][CAPTURE] capture_frame: 6.20ms
[2106387270][DBG][ENCODE] encode: 0.47ms
[2106387270][DBG][CAPTURE] capture_frame: 0.41ms
[2106387270][DBG][ENCODE] encode: 0.26ms
[2106387274][DBG][CAPTURE] capture_frame: 3.77ms
[2106387275][DBG][ENCODE] encode: 0.86ms
[2106387275][DBG][CAPTURE] capture_frame: 0.06ms
[2106387276][DBG][ENCODE] encode: 0.82ms
[2106387278][DBG][CAPTURE] capture_frame: 1.85ms
[2106387279][DBG][ENCODE] encode: 0.79ms
[2106387279][INF][HOST] Frames: 600, FPS: 44.5, RTT: 14.7ms, state: connected
[2106387279][DBG][CAPTURE] capture_frame: 0.08ms
[2106387280][DBG][ENCODE] encode: 0.45ms
[2106387303][DBG][CAPTURE] capture_frame: 22.79ms
[2106387333][DBG][CAPTURE] capture_frame: 29.92ms
[2106387364][DBG][CAPTURE] capture_frame: 31.00ms
[2106387385][DBG][CAPTURE] capture_frame: 21.10ms
[2106387387][DBG][ENCODE] encode: 1.98ms
[2106387394][DBG][CAPTURE] capture_frame: 0.07ms
[2106387395][DBG][ENCODE] encode: 0.67ms
[2106387395][DBG][CAPTURE] capture_frame: 0.03ms
[2106387395][DBG][ENCODE] encode: 0.42ms
[2106387396][DBG][CAPTURE] capture_frame: 0.84ms
[2106387397][DBG][ENCODE] encode: 0.40ms
[2106387397][DBG][CAPTURE] capture_frame: 0.52ms
[2106387398][DBG][ENCODE] encode: 0.40ms
[2106387398][DBG][CAPTURE] capture_frame: 0.54ms
[2106387399][DBG][ENCODE] encode: 0.41ms
[2106387426][DBG][CAPTURE] capture_frame: 26.93ms
[2106387456][DBG][CAPTURE] capture_frame: 30.44ms
[2106387475][DBG][CAPTURE] capture_frame: 19.16ms
[2106387477][DBG][ENCODE] encode: 1.20ms
[2106387477][DBG][CAPTURE] capture_frame: 0.04ms
[2106387478][DBG][ENCODE] encode: 0.37ms
[2106387479][DBG][CAPTURE] capture_frame: 1.58ms
[2106387480][DBG][ENCODE] encode: 0.44ms
[2106387482][DBG][CAPTURE] capture_frame: 2.37ms
[2106387483][DBG][ENCODE] encode: 0.35ms
[2106387483][DBG][CAPTURE] capture_frame: 0.58ms
[2106387484][DBG][ENCODE] encode: 0.41ms
[2106387484][DBG][CAPTURE] capture_frame: 0.48ms
[2106387485][DBG][ENCODE] encode: 0.34ms
[2106387486][DBG][CAPTURE] capture_frame: 1.60ms
[2106387487][DBG][ENCODE] encode: 0.35ms
[2106387503][DBG][CAPTURE] capture_frame: 15.96ms
[2106387534][DBG][CAPTURE] capture_frame: 31.28ms
[2106387560][DBG][CAPTURE] capture_frame: 26.19ms
[2106387561][DBG][ENCODE] encode: 1.05ms
[2106387562][DBG][CAPTURE] capture_frame: 0.04ms
[2106387562][DBG][ENCODE] encode: 0.39ms
[2106387563][DBG][CAPTURE] capture_frame: 0.79ms
[2106387564][DBG][ENCODE] encode: 0.35ms
[2106387564][DBG][CAPTURE] capture_frame: 0.56ms
[2106387565][DBG][ENCODE] encode: 0.30ms
[2106387566][DBG][CAPTURE] capture_frame: 1.64ms
[2106387567][DBG][ENCODE] encode: 0.41ms
[2106387567][DBG][CAPTURE] capture_frame: 0.56ms
[2106387568][DBG][ENCODE] encode: 0.36ms
[2106387596][DBG][CAPTURE] capture_frame: 28.14ms
[2106387627][DBG][CAPTURE] capture_frame: 30.74ms
[2106387657][DBG][CAPTURE] capture_frame: 30.38ms
[2106387666][DBG][CAPTURE] capture_frame: 8.88ms
[2106387668][DBG][ENCODE] encode: 1.46ms
[2106387668][DBG][CAPTURE] capture_frame: 0.04ms
[2106387668][DBG][ENCODE] encode: 0.38ms
[2106387669][DBG][CAPTURE] capture_frame: 0.03ms
[2106387669][DBG][ENCODE] encode: 0.27ms
[2106387670][DBG][CAPTURE] capture_frame: 1.38ms
[2106387671][DBG][ENCODE] encode: 0.48ms
[2106387688][DBG][CAPTURE] capture_frame: 17.23ms
[2106387719][DBG][CAPTURE] capture_frame: 30.83ms
[2106387731][DBG][CAPTURE] capture_frame: 11.70ms
[2106387732][DBG][ENCODE] encode: 0.79ms
[2106387732][DBG][CAPTURE] capture_frame: 0.03ms
[2106387732][DBG][ENCODE] encode: 0.25ms
[2106387732][DBG][CAPTURE] capture_frame: 0.02ms
[2106387733][DBG][ENCODE] encode: 0.25ms
[2106387734][DBG][CAPTURE] capture_frame: 1.76ms
[2106387735][DBG][ENCODE] encode: 0.55ms
[2106387735][DBG][CAPTURE] capture_frame: 0.21ms
[2106387736][DBG][ENCODE] encode: 0.35ms
[2106387736][DBG][CAPTURE] capture_frame: 0.52ms
[2106387737][DBG][ENCODE] encode: 0.43ms
[2106387738][DBG][CAPTURE] capture_frame: 1.49ms
[2106387739][DBG][ENCODE] encode: 0.34ms
[2106387739][DBG][CAPTURE] capture_frame: 0.57ms
[2106387740][DBG][ENCODE] encode: 0.29ms
[2106387741][DBG][CAPTURE] capture_frame: 1.63ms
[2106387742][DBG][ENCODE] encode: 0.35ms
[2106387743][DBG][CAPTURE] capture_frame: 1.58ms
[2106387744][DBG][ENCODE] encode: 0.43ms
[2106387744][DBG][CAPTURE] capture_frame: 0.47ms
[2106387745][DBG][ENCODE] encode: 0.34ms
[2106387745][DBG][CAPTURE] capture_frame: 0.53ms
[2106387745][DBG][ENCODE] encode: 0.28ms
[2106387746][DBG][CAPTURE] capture_frame: 0.67ms
[2106387747][DBG][ENCODE] encode: 0.32ms
[2106387747][DBG][CAPTURE] capture_frame: 0.59ms
[2106387748][DBG][ENCODE] encode: 0.30ms
[2106387748][DBG][CAPTURE] capture_frame: 0.69ms
[2106387749][DBG][ENCODE] encode: 0.35ms
[2106387765][DBG][CAPTURE] capture_frame: 16.42ms
[2106387796][DBG][CAPTURE] capture_frame: 30.82ms
[2106387827][DBG][CAPTURE] capture_frame: 31.00ms
[2106387858][DBG][CAPTURE] capture_frame: 30.90ms
[2106387890][DBG][CAPTURE] capture_frame: 31.46ms
[2106387903][DBG][CAPTURE] capture_frame: 13.08ms
[2106387905][DBG][ENCODE] encode: 1.83ms
[2106387921][DBG][CAPTURE] capture_frame: 15.55ms
[2106387937][DBG][CAPTURE] capture_frame: 16.26ms
[2106387969][DBG][CAPTURE] capture_frame: 31.14ms
[2106387969][DBG][CAPTURE] capture_frame: 0.34ms
[2106387970][DBG][ENCODE] encode: 1.05ms
[2106387988][DBG][CAPTURE] capture_frame: 17.83ms
[2106387989][DBG][ENCODE] encode: 0.64ms
[2106388015][DBG][CAPTURE] capture_frame: 26.11ms
[2106388017][DBG][CAPTURE] capture_frame: 1.87ms
[2106388018][DBG][ENCODE] encode: 0.84ms
[2106388043][DBG][CAPTURE] capture_frame: 24.69ms
[2106388044][DBG][ENCODE] encode: 1.02ms
[2106388060][DBG][CAPTURE] capture_frame: 16.07ms
[2106388061][DBG][ENCODE] encode: 0.99ms
[2106388079][DBG][CAPTURE] capture_frame: 17.67ms
[2106388080][DBG][ENCODE] encode: 0.85ms
[2106388099][DBG][CAPTURE] capture_frame: 18.31ms
[2106388100][DBG][ENCODE] encode: 1.06ms
[2106388116][DBG][CAPTURE] capture_frame: 15.93ms
[2106388117][DBG][ENCODE] encode: 0.97ms
[2106388136][DBG][CAPTURE] capture_frame: 18.69ms
[2106388138][DBG][ENCODE] encode: 1.40ms
[2106388159][DBG][CAPTURE] capture_frame: 20.55ms
[2106388160][DBG][ENCODE] encode: 1.04ms
[2106388161][DBG][CAPTURE] capture_frame: 0.04ms
[2106388161][DBG][ENCODE] encode: 0.30ms
[2106388161][DBG][CAPTURE] capture_frame: 0.40ms
[2106388162][DBG][ENCODE] encode: 0.32ms
[2106388168][DBG][CAPTURE] capture_frame: 6.67ms
[2106388170][DBG][ENCODE] encode: 1.28ms
[2106388199][DBG][CAPTURE] capture_frame: 28.77ms
[2106388200][DBG][ENCODE] encode: 0.78ms
[2106388200][DBG][CAPTURE] capture_frame: 0.03ms
[2106388200][DBG][ENCODE] encode: 0.27ms
[2106388200][DBG][CAPTURE] capture_frame: 0.21ms
[2106388201][DBG][ENCODE] encode: 0.44ms
[2106388201][DBG][CAPTURE] capture_frame: 0.26ms
[2106388202][DBG][ENCODE] encode: 0.46ms
[2106388202][DBG][CAPTURE] capture_frame: 0.42ms
[2106388202][DBG][ENCODE] encode: 0.27ms
[2106388204][DBG][CAPTURE] capture_frame: 1.71ms
[2106388205][DBG][ENCODE] encode: 0.41ms
[2106388205][DBG][CAPTURE] capture_frame: 0.49ms
[2106388206][DBG][ENCODE] encode: 0.44ms
[2106388207][DBG][CAPTURE] capture_frame: 1.28ms
[2106388208][DBG][ENCODE] encode: 0.52ms
[2106388208][DBG][CAPTURE] capture_frame: 0.56ms
[2106388209][DBG][ENCODE] encode: 0.40ms
[2106388209][DBG][CAPTURE] capture_frame: 0.30ms
[2106388210][DBG][ENCODE] encode: 0.47ms
[2106388232][DBG][CAPTURE] capture_frame: 22.50ms
[2106388249][DBG][CAPTURE] capture_frame: 16.10ms
[2106388265][DBG][CAPTURE] capture_frame: 15.92ms
[2106388296][DBG][CAPTURE] capture_frame: 31.48ms
[2106388309][DBG][CAPTURE] capture_frame: 12.58ms
[2106388311][DBG][ENCODE] encode: 1.87ms
[2106388311][INF][HOST] Frames: 660, FPS: 45.4, RTT: 15.7ms, state: connected
[2106388318][DBG][CAPTURE] capture_frame: 0.07ms
[2106388318][DBG][ENCODE] encode: 0.78ms
[2106388319][DBG][CAPTURE] capture_frame: 0.03ms
[2106388319][DBG][ENCODE] encode: 0.40ms
[2106388320][DBG][CAPTURE] capture_frame: 1.11ms
[2106388321][DBG][ENCODE] encode: 0.35ms
[2106388321][DBG][CAPTURE] capture_frame: 0.56ms
[2106388321][DBG][ENCODE] encode: 0.23ms
[2106388322][DBG][CAPTURE] capture_frame: 0.72ms
[2106388322][DBG][ENCODE] encode: 0.23ms
[2106388323][DBG][CAPTURE] capture_frame: 0.71ms
[2106388323][DBG][ENCODE] encode: 0.27ms
[2106388325][DBG][CAPTURE] capture_frame: 1.69ms
[2106388326][DBG][ENCODE] encode: 0.35ms
[2106388343][DBG][CAPTURE] capture_frame: 16.98ms
[2106388374][DBG][CAPTURE] capture_frame: 31.35ms
[2106388405][DBG][CAPTURE] capture_frame: 30.69ms
[2106388422][DBG][CAPTURE] capture_frame: 17.29ms
[2106388424][DBG][ENCODE] encode: 1.23ms
[2106388424][DBG][CAPTURE] capture_frame: 0.03ms
[2106388424][DBG][ENCODE] encode: 0.21ms
[2106388424][DBG][CAPTURE] capture_frame: 0.02ms
[2106388424][DBG][ENCODE] encode: 0.24ms
[2106388425][DBG][CAPTURE] capture_frame: 0.66ms
[2106388425][DBG][ENCODE] encode: 0.24ms
[2106388426][DBG][CAPTURE] capture_frame: 0.69ms
[2106388427][DBG][ENCODE] encode: 0.28ms
[2106388427][DBG][CAPTURE] capture_frame: 0.74ms
[2106388428][DBG][ENCODE] encode: 0.32ms
[2106388428][DBG][CAPTURE] capture_frame: 0.56ms
[2106388429][DBG][ENCODE] encode: 0.42ms
[2106388429][DBG][CAPTURE] capture_frame: 0.45ms
[2106388430][DBG][ENCODE] encode: 0.41ms
[2106388430][DBG][CAPTURE] capture_frame: 0.53ms
[2106388431][DBG][ENCODE] encode: 0.37ms
[2106388431][DBG][CAPTURE] capture_frame: 0.48ms
[2106388431][DBG][ENCODE] encode: 0.28ms
[2106388432][DBG][CAPTURE] capture_frame: 0.68ms
[2106388432][DBG][ENCODE] encode: 0.25ms
[2106388433][DBG][CAPTURE] capture_frame: 0.72ms
[2106388433][DBG][ENCODE] encode: 0.21ms
[2106388434][DBG][CAPTURE] capture_frame: 0.69ms
[2106388435][DBG][ENCODE] encode: 0.30ms
[2106388452][DBG][CAPTURE] capture_frame: 17.15ms
[2106388483][DBG][CAPTURE] capture_frame: 30.73ms
[2106388514][DBG][CAPTURE] capture_frame: 31.20ms
[2106388545][DBG][CAPTURE] capture_frame: 31.05ms
[2106388576][DBG][CAPTURE] capture_frame: 30.59ms
[2106388582][DBG][CAPTURE] capture_frame: 6.12ms
[2106388584][DBG][ENCODE] encode: 1.53ms
[2106388584][DBG][CAPTURE] capture_frame: 0.03ms
[2106388584][DBG][ENCODE] encode: 0.28ms
[2106388586][DBG][CAPTURE] capture_frame: 1.86ms
[2106388587][DBG][ENCODE] encode: 0.44ms
[2106388587][DBG][CAPTURE] capture_frame: 0.41ms
[2106388588][DBG][ENCODE] encode: 0.28ms
[2106388592][DBG][CAPTURE] capture_frame: 4.65ms
[2106388593][DBG][ENCODE] encode: 0.75ms
[2106388621][DBG][CAPTURE] capture_frame: 27.77ms
[2106388637][DBG][CAPTURE] capture_frame: 15.92ms
[2106388669][DBG][CAPTURE] capture_frame: 31.50ms
[2106388686][DBG][CAPTURE] capture_frame: 17.03ms
[2106388688][DBG][ENCODE] encode: 2.08ms
[2106388689][DBG][CAPTURE] capture_frame: 0.09ms
[2106388689][DBG][ENCODE] encode: 0.44ms
[2106388689][DBG][CAPTURE] capture_frame: 0.03ms
[2106388690][DBG][ENCODE] encode: 0.39ms
[2106388690][DBG][CAPTURE] capture_frame: 0.46ms
[2106388691][DBG][ENCODE] encode: 0.45ms
[2106388691][DBG][CAPTURE] capture_frame: 0.40ms
[2106388692][DBG][ENCODE] encode: 0.34ms
[2106388692][DBG][CAPTURE] capture_frame: 0.55ms
[2106388693][DBG][ENCODE] encode: 0.32ms
[2106388714][DBG][CAPTURE] capture_frame: 21.88ms
[2106388745][DBG][CAPTURE] capture_frame: 30.70ms
[2106388758][DBG][CAPTURE] capture_frame: 12.09ms
[2106388759][DBG][ENCODE] encode: 1.06ms
[2106388761][DBG][CAPTURE] capture_frame: 0.05ms
[2106388761][DBG][ENCODE] encode: 0.53ms
[2106388761][DBG][CAPTURE] capture_frame: 0.08ms
[2106388762][DBG][ENCODE] encode: 0.48ms
[2106388762][DBG][CAPTURE] capture_frame: 0.45ms
[2106388763][DBG][ENCODE] encode: 0.46ms
[2106388763][DBG][CAPTURE] capture_frame: 0.44ms
[2106388764][DBG][ENCODE] encode: 0.35ms
[2106388793][DBG][CAPTURE] capture_frame: 29.20ms
[2106388824][DBG][CAPTURE] capture_frame: 30.48ms
[2106388829][DBG][CAPTURE] capture_frame: 5.16ms
[2106388831][DBG][ENCODE] encode: 1.65ms
[2106388854][DBG][CAPTURE] capture_frame: 23.43ms
[2106388860][DBG][CAPTURE] capture_frame: 5.17ms
[2106388861][DBG][ENCODE] encode: 0.74ms
[2106388875][DBG][CAPTURE] capture_frame: 14.19ms
[2106388876][DBG][ENCODE] encode: 1.15ms
[2106388891][DBG][CAPTURE] capture_frame: 13.87ms
[2106388891][DBG][ENCODE] encode: 0.82ms
[2106388906][DBG][CAPTURE] capture_frame: 14.65ms
[2106388908][DBG][ENCODE] encode: 1.78ms
[2106388921][DBG][CAPTURE] capture_frame: 12.42ms
[2106388922][DBG][ENCODE] encode: 0.80ms
[2106388935][DBG][CAPTURE] capture_frame: 12.43ms
[2106388936][DBG][ENCODE] encode: 0.79ms
[2106388950][DBG][CAPTURE] capture_frame: 14.45ms
[2106388951][DBG][ENCODE] encode: 0.80ms
[2106388963][DBG][CAPTURE] capture_frame: 12.00ms
[2106388964][DBG][ENCODE] encode: 0.82ms
[2106388978][DBG][CAPTURE] capture_frame: 13.05ms
[2106388979][DBG][ENCODE] encode: 1.01ms
[2106388995][DBG][CAPTURE] capture_frame: 15.62ms
[2106388995][DBG][CAPTURE] capture_frame: 0.22ms
[2106388996][DBG][ENCODE] encode: 0.63ms
[2106389104][DBG][CAPTURE] capture_frame: 108.61ms
[2106389109][DBG][CAPTURE] capture_frame: 4.88ms
[2106389110][DBG][ENCODE] encode: 0.75ms
[2106389137][DBG][CAPTURE] capture_frame: 26.30ms
[2106389168][DBG][CAPTURE] capture_frame: 30.84ms
[2106389198][DBG][CAPTURE] capture_frame: 30.46ms
[2106389229][DBG][CAPTURE] capture_frame: 31.13ms
[2106389231][DBG][CAPTURE] capture_frame: 1.71ms
[2106389232][DBG][ENCODE] encode: 1.09ms
[2106389244][DBG][CAPTURE] capture_frame: 11.49ms
[2106389246][DBG][ENCODE] encode: 1.21ms
[2106389263][DBG][CAPTURE] capture_frame: 17.68ms
[2106389265][DBG][ENCODE] encode: 1.00ms
[2106389265][INF][HOST] Frames: 720, FPS: 46.5, RTT: 17.0ms, state: connected
[2106389283][DBG][CAPTURE] capture_frame: 17.64ms
[2106389284][DBG][ENCODE] encode: 1.26ms
[2106389297][DBG][CAPTURE] capture_frame: 12.90ms
[2106389298][DBG][ENCODE] encode: 0.55ms
[2106389311][DBG][CAPTURE] capture_frame: 12.70ms
[2106389312][DBG][ENCODE] encode: 0.73ms
[2106389324][DBG][CAPTURE] capture_frame: 12.20ms
[2106389325][DBG][ENCODE] encode: 1.09ms
[2106389339][DBG][CAPTURE] capture_frame: 13.52ms
[2106389341][DBG][ENCODE] encode: 1.58ms
[2106389367][DBG][CAPTURE] capture_frame: 21.26ms
[2106389370][DBG][CAPTURE] capture_frame: 3.07ms
[2106389372][DBG][ENCODE] encode: 1.47ms
[2106389387][DBG][CAPTURE] capture_frame: 15.25ms
[2106389388][DBG][ENCODE] encode: 0.80ms
[2106389407][DBG][CAPTURE] capture_frame: 17.93ms
[2106389407][DBG][ENCODE] encode: 0.54ms
[2106389419][DBG][CAPTURE] capture_frame: 12.00ms
[2106389420][DBG][ENCODE] encode: 0.70ms
[2106389436][DBG][CAPTURE] capture_frame: 15.57ms
[2106389437][DBG][ENCODE] encode: 0.91ms
[2106389450][DBG][CAPTURE] capture_frame: 12.75ms
[2106389451][DBG][ENCODE] encode: 0.77ms
[2106389464][DBG][CAPTURE] capture_frame: 12.97ms
[2106389465][DBG][ENCODE] encode: 0.96ms
[2106389477][DBG][CAPTURE] capture_frame: 11.56ms
[2106389478][DBG][ENCODE] encode: 0.89ms
[2106389495][DBG][CAPTURE] capture_frame: 16.82ms
[2106389496][DBG][ENCODE] encode: 1.22ms
[2106389510][DBG][CAPTURE] capture_frame: 13.40ms
[2106389511][DBG][ENCODE] encode: 0.63ms
[2106389527][DBG][CAPTURE] capture_frame: 16.10ms
[2106389528][DBG][ENCODE] encode: 0.94ms
[2106389544][DBG][CAPTURE] capture_frame: 15.43ms
[2106389545][DBG][ENCODE] encode: 1.05ms
[2106389559][DBG][CAPTURE] capture_frame: 13.43ms
[2106389559][DBG][ENCODE] encode: 0.65ms
[2106389571][DBG][CAPTURE] capture_frame: 11.97ms
[2106389573][DBG][ENCODE] encode: 1.01ms
[2106389584][DBG][CAPTURE] capture_frame: 11.40ms
[2106389585][DBG][ENCODE] encode: 0.89ms
[2106389596][DBG][CAPTURE] capture_frame: 10.87ms
[2106389597][DBG][ENCODE] encode: 0.76ms
[2106389613][DBG][CAPTURE] capture_frame: 15.34ms
[2106389613][DBG][ENCODE] encode: 0.64ms
[2106389626][DBG][CAPTURE] capture_frame: 12.49ms
[2106389627][DBG][ENCODE] encode: 0.59ms
[2106389647][DBG][CAPTURE] capture_frame: 20.24ms
[2106389648][DBG][CAPTURE] capture_frame: 0.54ms
[2106389649][DBG][ENCODE] encode: 1.13ms
[2106389661][DBG][CAPTURE] capture_frame: 12.33ms
[2106389662][DBG][ENCODE] encode: 0.99ms
[2106389678][DBG][CAPTURE] capture_frame: 15.68ms
[2106389679][DBG][CAPTURE] capture_frame: 0.39ms
[2106389680][DBG][ENCODE] encode: 1.20ms
[2106389692][DBG][CAPTURE] capture_frame: 11.74ms
[2106389693][DBG][ENCODE] encode: 0.66ms
[2106389705][DBG][CAPTURE] capture_frame: 11.75ms
[2106389706][DBG][ENCODE] encode: 1.10ms
[2106389718][DBG][CAPTURE] capture_frame: 12.10ms
[2106389719][DBG][ENCODE] encode: 0.92ms
[2106389737][DBG][CAPTURE] capture_frame: 17.50ms
[2106389738][DBG][ENCODE] encode: 1.04ms
[2106389751][DBG][CAPTURE] capture_frame: 13.15ms
[2106389752][DBG][ENCODE] encode: 0.80ms
[2106389765][DBG][CAPTURE] capture_frame: 12.45ms
[2106389766][DBG][ENCODE] encode: 0.80ms
[2106389778][DBG][CAPTURE] capture_frame: 12.43ms
[2106389779][DBG][ENCODE] encode: 0.92ms
[2106389791][DBG][CAPTURE] capture_frame: 11.33ms
[2106389792][DBG][ENCODE] encode: 1.16ms
[2106389808][DBG][CAPTURE] capture_frame: 15.04ms
[2106389808][DBG][ENCODE] encode: 0.79ms
[2106389821][DBG][CAPTURE] capture_frame: 12.00ms
[2106389821][DBG][ENCODE] encode: 0.74ms
[2106389834][DBG][CAPTURE] capture_frame: 12.25ms
[2106389835][DBG][ENCODE] encode: 1.04ms
[2106389849][DBG][CAPTURE] capture_frame: 13.29ms
[2106389849][DBG][ENCODE] encode: 0.79ms
[2106389861][DBG][CAPTURE] capture_frame: 11.75ms
[2106389862][DBG][ENCODE] encode: 0.60ms
[2106389876][DBG][CAPTURE] capture_frame: 13.59ms
[2106389876][DBG][ENCODE] encode: 0.52ms
[2106389891][DBG][CAPTURE] capture_frame: 14.90ms
[2106389892][DBG][ENCODE] encode: 0.63ms
[2106389908][DBG][CAPTURE] capture_frame: 15.41ms
[2106389909][DBG][ENCODE] encode: 1.05ms
[2106389923][DBG][CAPTURE] capture_frame: 13.58ms
[2106389924][DBG][ENCODE] encode: 0.67ms
[2106389936][DBG][CAPTURE] capture_frame: 12.59ms
[2106389937][DBG][ENCODE] encode: 0.77ms
[2106389953][DBG][CAPTURE] capture_frame: 15.70ms
[2106389954][DBG][ENCODE] encode: 0.79ms
[2106389966][DBG][CAPTURE] capture_frame: 11.47ms
[2106389967][DBG][ENCODE] encode: 0.87ms
[2106389978][DBG][CAPTURE] capture_frame: 11.25ms
[2106389979][DBG][ENCODE] encode: 0.73ms
[2106389994][DBG][CAPTURE] capture_frame: 15.28ms
[2106389995][DBG][ENCODE] encode: 0.79ms
[2106390010][DBG][CAPTURE] capture_frame: 14.28ms
[2106390010][DBG][ENCODE] encode: 0.71ms
[2106390027][DBG][CAPTURE] capture_frame: 16.21ms
[2106390028][DBG][ENCODE] encode: 0.83ms
[2106390042][DBG][CAPTURE] capture_frame: 14.06ms
[2106390043][DBG][ENCODE] encode: 1.08ms
[2106390057][DBG][CAPTURE] capture_frame: 13.14ms
[2106390057][DBG][ENCODE] encode: 0.78ms
[2106390069][DBG][CAPTURE] capture_frame: 11.30ms
[2106390070][DBG][ENCODE] encode: 0.89ms
[2106390087][DBG][CAPTURE] capture_frame: 16.55ms
[2106390088][DBG][ENCODE] encode: 0.75ms
[2106390101][DBG][CAPTURE] capture_frame: 13.63ms
[2106390103][DBG][ENCODE] encode: 1.06ms
[2106390116][DBG][CAPTURE] capture_frame: 13.11ms
[2106390117][DBG][ENCODE] encode: 0.93ms
[2106390130][DBG][CAPTURE] capture_frame: 13.26ms
[2106390131][DBG][ENCODE] encode: 0.74ms
[2106390148][DBG][CAPTURE] capture_frame: 16.60ms
[2106390149][DBG][ENCODE] encode: 1.12ms
[2106390165][DBG][CAPTURE] capture_frame: 15.15ms
[2106390166][DBG][ENCODE] encode: 1.02ms
[2106390183][DBG][CAPTURE] capture_frame: 16.52ms
[2106390184][DBG][ENCODE] encode: 0.95ms
[2106390184][INF][HOST] Frames: 780, FPS: 47.6, RTT: 14.5ms, state: connected
[2106390201][DBG][CAPTURE] capture_frame: 17.45ms
[2106390202][DBG][ENCODE] encode: 0.68ms
[2106390220][DBG][CAPTURE] capture_frame: 18.06ms
[2106390221][DBG][ENCODE] encode: 0.98ms
[2106390239][DBG][CAPTURE] capture_frame: 17.23ms
[2106390240][DBG][ENCODE] encode: 0.77ms
[2106390255][DBG][CAPTURE] capture_frame: 15.45ms
[2106390256][DBG][ENCODE] encode: 0.95ms
[2106390273][DBG][CAPTURE] capture_frame: 15.92ms
[2106390275][DBG][ENCODE] encode: 2.18ms
[2106390293][DBG][CAPTURE] capture_frame: 12.25ms
[2106390294][DBG][ENCODE] encode: 0.82ms
[2106390313][DBG][CAPTURE] capture_frame: 18.21ms
[2106390314][DBG][ENCODE] encode: 0.97ms
[2106390329][DBG][CAPTURE] capture_frame: 14.91ms
[2106390330][DBG][ENCODE] encode: 0.86ms
[2106390348][DBG][CAPTURE] capture_frame: 17.93ms
[2106390349][DBG][CAPTURE] capture_frame: 1.09ms
[2106390351][DBG][ENCODE] encode: 1.25ms
[2106390367][DBG][CAPTURE] capture_frame: 16.17ms
[2106390368][DBG][ENCODE] encode: 0.83ms
[2106390380][DBG][CAPTURE] capture_frame: 11.64ms
[2106390381][DBG][ENCODE] encode: 0.67ms
[2106390395][DBG][CAPTURE] capture_frame: 14.46ms
[2106390396][DBG][ENCODE] encode: 0.65ms
[2106390410][DBG][CAPTURE] capture_frame: 13.76ms
[2106390411][DBG][ENCODE] encode: 0.90ms
[2106390423][DBG][CAPTURE] capture_frame: 12.08ms
[2106390424][DBG][ENCODE] encode: 0.80ms
[2106390436][DBG][CAPTURE] capture_frame: 11.79ms
[2106390437][DBG][ENCODE] encode: 1.39ms
[2106390543][DBG][CAPTURE] capture_frame: 105.01ms
[2106390544][DBG][CAPTURE] capture_frame: 0.77ms
[2106390544][DBG][ENCODE] encode: 0.70ms
[2106390566][DBG][CAPTURE] capture_frame: 21.95ms
[2106390597][DBG][CAPTURE] capture_frame: 30.42ms
[2106390628][DBG][CAPTURE] capture_frame: 30.58ms
[2106390644][DBG][CAPTURE] capture_frame: 15.99ms
[2106390669][DBG][CAPTURE] capture_frame: 25.21ms
[2106390670][DBG][ENCODE] encode: 0.83ms
[2106390682][DBG][CAPTURE] capture_frame: 12.19ms
[2106390683][DBG][ENCODE] encode: 0.68ms
[2106390699][DBG][CAPTURE] capture_frame: 15.92ms
[2106390700][DBG][ENCODE] encode: 1.05ms
[2106390717][DBG][CAPTURE] capture_frame: 16.33ms
[2106390718][DBG][ENCODE] encode: 0.72ms
[2106390731][DBG][CAPTURE] capture_frame: 13.53ms
[2106390732][DBG][ENCODE] encode: 0.64ms
[2106390743][DBG][CAPTURE] capture_frame: 11.24ms
[2106390744][DBG][ENCODE] encode: 0.73ms
[2106390757][DBG][CAPTURE] capture_frame: 12.29ms
[2106390758][DBG][ENCODE] encode: 0.74ms
[2106390773][DBG][CAPTURE] capture_frame: 15.14ms
[2106390774][DBG][ENCODE] encode: 0.79ms
[2106390786][DBG][CAPTURE] capture_frame: 12.48ms
[2106390787][DBG][ENCODE] encode: 0.61ms
[2106390802][DBG][CAPTURE] capture_frame: 14.64ms
[2106390803][DBG][ENCODE] encode: 0.59ms
[2106390803][DBG][CAPTURE] capture_frame: 0.72ms
[2106390804][DBG][ENCODE] encode: 0.37ms
[2106390804][DBG][CAPTURE] capture_frame: 0.43ms
[2106390805][DBG][ENCODE] encode: 0.24ms
[2106390807][DBG][CAPTURE] capture_frame: 2.67ms
[2106390808][DBG][ENCODE] encode: 0.78ms
[2106390810][DBG][CAPTURE] capture_frame: 2.01ms
[2106390811][DBG][ENCODE] encode: 0.49ms
[2106390813][DBG][CAPTURE] capture_frame: 2.34ms
[2106390814][DBG][ENCODE] encode: 0.45ms
[2106390814][DBG][CAPTURE] capture_frame: 0.50ms
[2106390815][DBG][ENCODE] encode: 0.43ms
[2106390846][DBG][CAPTURE] capture_frame: 30.82ms
[2106390875][DBG][CAPTURE] capture_frame: 29.45ms
[2106390877][DBG][ENCODE] encode: 1.39ms
[2106390877][DBG][CAPTURE] capture_frame: 0.04ms
[2106390877][DBG][ENCODE] encode: 0.30ms
[2106390878][DBG][CAPTURE] capture_frame: 0.03ms
[2106390878][DBG][ENCODE] encode: 0.30ms
[2106390878][DBG][CAPTURE] capture_frame: 0.31ms
[2106390879][DBG][ENCODE] encode: 0.28ms
[2106390879][DBG][CAPTURE] capture_frame: 0.66ms
[2106390880][DBG][ENCODE] encode: 0.28ms
[2106390880][DBG][CAPTURE] capture_frame: 0.77ms
[2106390881][DBG][ENCODE] encode: 0.59ms
[2106390881][DBG][CAPTURE] capture_frame: 0.18ms
[2106390882][DBG][ENCODE] encode: 0.33ms
[2106390882][DBG][CAPTURE] capture_frame: 0.60ms
[2106390883][DBG][ENCODE] encode: 0.47ms
[2106390883][DBG][CAPTURE] capture_frame: 0.45ms
[2106390884][DBG][ENCODE] encode: 0.36ms
[2106390908][DBG][CAPTURE] capture_frame: 24.14ms
[2106390939][DBG][CAPTURE] capture_frame: 31.42ms
[2106390970][DBG][CAPTURE] capture_frame: 30.52ms
[2106390984][DBG][CAPTURE] capture_frame: 13.30ms
[2106390985][DBG][ENCODE] encode: 1.34ms
[2106390985][DBG][CAPTURE] capture_frame: 0.03ms
[2106390986][DBG][ENCODE] encode: 0.21ms
[2106390986][DBG][CAPTURE] capture_frame: 0.74ms
[2106390987][DBG][ENCODE] encode: 0.35ms
[2106390987][DBG][CAPTURE] capture_frame: 0.54ms
[2106390988][DBG][ENCODE] encode: 0.29ms
[2106390988][DBG][CAPTURE] capture_frame: 0.65ms
[2106390989][DBG][ENCODE] encode: 0.36ms
[2106390989][DBG][CAPTURE] capture_frame: 0.60ms
[2106390990][DBG][ENCODE] encode: 0.36ms
[2106390990][DBG][CAPTURE] capture_frame: 0.51ms
[2106390991][DBG][ENCODE] encode: 0.31ms
[2106390991][DBG][CAPTURE] capture_frame: 0.62ms
[2106390992][DBG][ENCODE] encode: 0.36ms
[2106391017][DBG][CAPTURE] capture_frame: 25.62ms
[2106391048][DBG][CAPTURE] capture_frame: 30.54ms
[2106391079][DBG][CAPTURE] capture_frame: 31.27ms
[2106391099][DBG][CAPTURE] capture_frame: 19.58ms
[2106391100][DBG][ENCODE] encode: 1.26ms
[2106391101][DBG][CAPTURE] capture_frame: 0.04ms
[2106391101][DBG][ENCODE] encode: 0.22ms
[2106391101][DBG][CAPTURE] capture_frame: 0.15ms
[2106391102][DBG][ENCODE] encode: 0.25ms
[2106391102][DBG][CAPTURE] capture_frame: 0.68ms
[2106391103][DBG][ENCODE] encode: 0.41ms
[2106391103][DBG][CAPTURE] capture_frame: 0.49ms
[2106391104][DBG][ENCODE] encode: 0.37ms
[2106391104][DBG][CAPTURE] capture_frame: 0.52ms
[2106391105][DBG][ENCODE] encode: 0.30ms
[2106391105][DBG][CAPTURE] capture_frame: 0.66ms
[2106391106][DBG][ENCODE] encode: 0.44ms
[2106391106][DBG][CAPTURE] capture_frame: 0.43ms
[2106391107][DBG][ENCODE] encode: 0.38ms
[2106391107][DBG][CAPTURE] capture_frame: 0.46ms
[2106391108][DBG][ENCODE] encode: 0.32ms
[2106391108][DBG][CAPTURE] capture_frame: 0.61ms
[2106391109][DBG][ENCODE] encode: 0.24ms
[2106391109][DBG][CAPTURE] capture_frame: 0.75ms
[2106391110][DBG][ENCODE] encode: 0.26ms
[2106391110][DBG][CAPTURE] capture_frame: 0.57ms
[2106391110][DBG][ENCODE] encode: 0.22ms
[2106391111][DBG][CAPTURE] capture_frame: 0.75ms
[2106391112][DBG][ENCODE] encode: 0.28ms
[2106391112][DBG][CAPTURE] capture_frame: 0.65ms
[2106391113][DBG][ENCODE] encode: 0.23ms
[2106391113][DBG][CAPTURE] capture_frame: 0.72ms
[2106391114][DBG][ENCODE] encode: 0.27ms
[2106391114][DBG][CAPTURE] capture_frame: 0.67ms
[2106391115][DBG][ENCODE] encode: 0.26ms
[2106391115][DBG][CAPTURE] capture_frame: 0.68ms
[2106391115][ERR][ENCODE] SubmitInput failed: 25
[2106391115][DBG][ENCODE] encode: 0.04ms
[2106391116][DBG][CAPTURE] capture_frame: 0.87ms
[2106391116][ERR][ENCODE] SubmitInput failed: 25
[2106391116][DBG][ENCODE] encode: 0.04ms
[2106391117][DBG][CAPTURE] capture_frame: 0.91ms
[2106391117][ERR][ENCODE] SubmitInput failed: 25
[2106391117][DBG][ENCODE] encode: 0.04ms
[2106391118][DBG][CAPTURE] capture_frame: 0.90ms
[2106391118][ERR][ENCODE] SubmitInput failed: 25
[2106391118][DBG][ENCODE] encode: 0.03ms
[2106391119][DBG][CAPTURE] capture_frame: 0.89ms
[2106391119][ERR][ENCODE] SubmitInput failed: 25
[2106391119][DBG][ENCODE] encode: 0.04ms
[2106391120][DBG][CAPTURE] capture_frame: 1.09ms
[2106391121][ERR][ENCODE] SubmitInput failed: 25
[2106391121][DBG][ENCODE] encode: 0.05ms
[2106391121][DBG][CAPTURE] capture_frame: 0.68ms
[2106391121][ERR][ENCODE] SubmitInput failed: 25
[2106391121][DBG][ENCODE] encode: 0.04ms
[2106391122][DBG][CAPTURE] capture_frame: 0.90ms
[2106391122][ERR][ENCODE] SubmitInput failed: 25
[2106391122][DBG][ENCODE] encode: 0.04ms
[2106391123][DBG][CAPTURE] capture_frame: 0.93ms
[2106391123][ERR][ENCODE] SubmitInput failed: 25
[2106391123][DBG][ENCODE] encode: 0.05ms
[2106391142][DBG][CAPTURE] capture_frame: 18.80ms
[2106391174][DBG][CAPTURE] capture_frame: 31.18ms
[2106391205][DBG][CAPTURE] capture_frame: 31.24ms
[2106391235][DBG][CAPTURE] capture_frame: 30.29ms
[2106391251][DBG][CAPTURE] capture_frame: 16.09ms
[2106391281][DBG][CAPTURE] capture_frame: 29.45ms
[2106391284][DBG][ENCODE] encode: 2.82ms
[2106391284][INF][HOST] Frames: 840, FPS: 48.0, RTT: 30.7ms, state: connected
[2106391315][DBG][CAPTURE] capture_frame: 24.89ms
[2106391346][DBG][CAPTURE] capture_frame: 30.31ms
[2106391350][DBG][CAPTURE] capture_frame: 4.82ms
[2106391352][DBG][ENCODE] encode: 1.05ms
[2106391362][DBG][CAPTURE] capture_frame: 9.78ms
[2106391362][DBG][ENCODE] encode: 0.73ms
[2106391374][DBG][CAPTURE] capture_frame: 11.24ms
[2106391375][DBG][ENCODE] encode: 0.66ms
[2106391478][DBG][CAPTURE] capture_frame: 103.46ms
[2106391479][DBG][ENCODE] encode: 0.74ms
[2106391479][DBG][CAPTURE] capture_frame: 0.04ms
[2106391480][DBG][ENCODE] encode: 0.37ms
[2106391480][DBG][CAPTURE] capture_frame: 0.44ms
[2106391481][DBG][ENCODE] encode: 0.32ms
[2106391503][DBG][CAPTURE] capture_frame: 22.52ms
[2106391534][DBG][CAPTURE] capture_frame: 30.75ms
[2106391565][DBG][CAPTURE] capture_frame: 30.90ms
[2106391596][DBG][CAPTURE] capture_frame: 30.93ms
[2106391627][DBG][CAPTURE] capture_frame: 30.85ms
[2106391643][DBG][CAPTURE] capture_frame: 16.28ms
[2106391674][DBG][CAPTURE] capture_frame: 31.01ms
[2106391705][DBG][CAPTURE] capture_frame: 30.25ms
[2106391707][DBG][CAPTURE] capture_frame: 2.39ms
[2106391709][DBG][ENCODE] encode: 1.26ms
[2106391709][DBG][CAPTURE] capture_frame: 0.04ms
[2106391709][DBG][ENCODE] encode: 0.28ms
[2106391709][DBG][CAPTURE] capture_frame: 0.02ms
[2106391710][DBG][ENCODE] encode: 0.20ms
[2106391710][DBG][CAPTURE] capture_frame: 0.72ms
[2106391711][DBG][ENCODE] encode: 0.32ms
[2106391737][DBG][CAPTURE] capture_frame: 25.92ms
[2106391768][DBG][CAPTURE] capture_frame: 31.48ms
[2106391777][DBG][CAPTURE] capture_frame: 9.04ms
[2106391778][DBG][ENCODE] encode: 1.07ms
[2106391780][DBG][CAPTURE] capture_frame: 0.05ms
[2106391780][DBG][ENCODE] encode: 0.40ms
[2106391799][DBG][CAPTURE] capture_frame: 18.92ms
[2106391817][DBG][CAPTURE] capture_frame: 18.07ms
[2106391818][DBG][ENCODE] encode: 0.91ms
[2106391837][DBG][CAPTURE] capture_frame: 18.75ms
[2106391838][DBG][ENCODE] encode: 0.86ms
[2106391856][DBG][CAPTURE] capture_frame: 17.12ms
[2106391857][DBG][ENCODE] encode: 0.85ms
[2106391871][DBG][CAPTURE] capture_frame: 14.10ms
[2106391872][DBG][ENCODE] encode: 0.89ms
[2106391889][DBG][CAPTURE] capture_frame: 16.89ms
[2106391890][DBG][ENCODE] encode: 0.66ms
[2106391907][DBG][CAPTURE] capture_frame: 16.94ms
[2106391908][DBG][ENCODE] encode: 0.72ms
[2106391925][DBG][CAPTURE] capture_frame: 16.36ms
[2106391926][DBG][ENCODE] encode: 0.99ms
[2106391939][DBG][CAPTURE] capture_frame: 12.69ms
[2106391940][DBG][ENCODE] encode: 1.16ms
[2106391971][DBG][CAPTURE] capture_frame: 29.97ms
[2106391987][DBG][CAPTURE] capture_frame: 16.12ms
[2106392018][DBG][CAPTURE] capture_frame: 30.84ms
[2106392049][DBG][CAPTURE] capture_frame: 31.15ms
