[2025294268][INF][DECODE]   [0] HEVCVideoExtension
[2025294287][INF][DECODE] Using HEVC decoder #0 of 1
[2025294287][INF][DECODE] MFT is synchronous
[2025294288][INF][DECODE] D3D11VA device manager set
[2025294288][INF][DECODE] Low-latency mode enabled
[2025294289][INF][DECODE] Input type set: HEVC
[2025294289][INF][DECODE] Output type[0]: 3231564E-0000
[2025294295][INF][DECODE] Output format set (type 0)
[2025294295][INF][DECODE] Media Foundation HEVC decoder initialized (D3D11VA)
[2025294485][INF][ClientSession] Connecting to 127.0.0.1:9885
[2025294485][INF][VIEW] Connecting to 127.0.0.1:9885...
[2025294491][INF][ClientSession] Connected (handshake took 6ms)
[2025294548][INF][VIEW] Got keyframe seq=99 (225533 bytes), starting decode
[2025294549][INF][DECODE] Decoder ready for input
[2025294549][INF][DECODE] Creating buffer for 225533 bytes...
[2025294549][INF][DECODE] Buffer ready
[2025294549][INF][DECODE] Sample ready, calling ProcessInput...
[2025294558][INF][DECODE] ProcessInput returned: 0x00000000
[2025294558][INF][DECODE] Stream format change, reconfiguring output
[2025294558][INF][DECODE] Output type[0]: 30313050-0000
[2025294572][INF][DECODE] Output format set (type 0)
[2025294650][INF][RENDER] D3D11 renderer initialized: 3456x1440
[2025294650][INF][VIEW] Renderer started: 3456x1440
[2025294659][INF][DECODE] Creating buffer for 9529 bytes...
[2025294659][INF][DECODE] Buffer ready
[2025294659][INF][DECODE] Sample ready, calling ProcessInput...
[2025294660][INF][DECODE] ProcessInput returned: 0x00000000
[2025294660][INF][DECODE] Creating buffer for 4317 bytes...
[2025294660][INF][DECODE] Buffer ready
[2025294660][INF][DECODE] Sample ready, calling ProcessInput...
[2025294661][INF][DECODE] ProcessInput returned: 0x00000000
[2025294661][INF][DECODE] Creating buffer for 3726 bytes...
[2025294661][INF][DECODE] Buffer ready
[2025294661][INF][DECODE] Sample ready, calling ProcessInput...
[2025294661][INF][DECODE] ProcessInput returned: 0x00000000
[2025294662][INF][DECODE] Creating buffer for 2845 bytes...
[2025294662][INF][DECODE] Buffer ready
[2025294662][INF][DECODE] Sample ready, calling ProcessInput...
[2025294662][INF][DECODE] ProcessInput returned: 0x00000000
[2025294765][INF][DECODE] Creating buffer for 1798 bytes...
[2025294765][INF][DECODE] Buffer ready
[2025294765][INF][DECODE] Sample ready, calling ProcessInput...
[2025294766][INF][DECODE] ProcessInput returned: 0x00000000
[2025294766][INF][DECODE] Creating buffer for 3933 bytes...
[2025294766][INF][DECODE] Buffer ready
[2025294766][INF][DECODE] Sample ready, calling ProcessInput...
[2025294766][INF][DECODE] ProcessInput returned: 0x00000000
[2025294766][INF][DECODE] Creating buffer for 8502 bytes...
[2025294766][INF][DECODE] Buffer ready
[2025294766][INF][DECODE] Sample ready, calling ProcessInput...
[2025294766][INF][DECODE] ProcessInput returned: 0x00000000
[2025294824][INF][DECODE] Creating buffer for 3201 bytes...
[2025294824][INF][DECODE] Buffer ready
[2025294824][INF][DECODE] Sample ready, calling ProcessInput...
[2025294825][INF][DECODE] ProcessInput returned: 0x00000000
[2025294835][INF][DECODE] Creating buffer for 135671 bytes...
[2025294835][INF][DECODE] Buffer ready
[2025294835][INF][DECODE] Sample ready, calling ProcessInput...
[2025294835][INF][DECODE] ProcessInput returned: 0x00000000
[2025294855][INF][DECODE] Creating buffer for 5580 bytes...
[2025294855][INF][DECODE] Buffer ready
[2025294855][INF][DECODE] Sample ready, calling ProcessInput...
[2025294855][INF][DECODE] ProcessInput returned: 0x00000000
[2025294872][INF][DECODE] Creating buffer for 3192 bytes...
[2025294872][INF][DECODE] Buffer ready
[2025294872][INF][DECODE] Sample ready, calling ProcessInput...
[2025294872][INF][DECODE] ProcessInput returned: 0x00000000
[2025294890][INF][DECODE] Creating buffer for 57774 bytes...
[2025294890][INF][DECODE] Buffer ready
[2025294890][INF][DECODE] Sample ready, calling ProcessInput...
[2025294891][INF][DECODE] ProcessInput returned: 0x00000000
[2025294908][INF][DECODE] Creating buffer for 5046 bytes...
[2025294908][INF][DECODE] Buffer ready
[2025294908][INF][DECODE] Sample ready, calling ProcessInput...
[2025294909][INF][DECODE] ProcessInput returned: 0x00000000
[2025294925][INF][DECODE] Creating buffer for 3454 bytes...
[2025294925][INF][DECODE] Buffer ready
[2025294925][INF][DECODE] Sample ready, calling ProcessInput...
[2025294926][INF][DECODE] ProcessInput returned: 0x00000000
[2025294940][INF][DECODE] Creating buffer for 4843 bytes...
[2025294940][INF][DECODE] Buffer ready
[2025294940][INF][DECODE] Sample ready, calling ProcessInput...
[2025294940][INF][DECODE] ProcessInput returned: 0x00000000
[2025294958][INF][DECODE] Creating buffer for 2700 bytes...
[2025294958][INF][DECODE] Buffer ready
[2025294958][INF][DECODE] Sample ready, calling ProcessInput...
[2025294958][INF][DECODE] ProcessInput returned: 0x00000000
[2025294973][INF][DECODE] Creating buffer for 2580 bytes...
[2025294973][INF][DECODE] Buffer ready
[2025294973][INF][DECODE] Sample ready, calling ProcessInput...
[2025294974][INF][DECODE] ProcessInput returned: 0x00000000
[2025294988][INF][DECODE] Creating buffer for 2306 bytes...
[2025294988][INF][DECODE] Buffer ready
[2025294988][INF][DECODE] Sample ready, calling ProcessInput...
[2025294988][INF][DECODE] ProcessInput returned: 0x00000000
[2025295005][INF][DECODE] Creating buffer for 2431 bytes...
[2025295005][INF][DECODE] Buffer ready
[2025295005][INF][DECODE] Sample ready, calling ProcessInput...
[2025295006][INF][DECODE] ProcessInput returned: 0x00000000
[2025295022][INF][DECODE] Creating buffer for 1985 bytes...
[2025295022][INF][DECODE] Buffer ready
[2025295022][INF][DECODE] Sample ready, calling ProcessInput...
[2025295023][INF][DECODE] ProcessInput returned: 0x00000000
[2025295039][INF][DECODE] Creating buffer for 2300 bytes...
[2025295039][INF][DECODE] Buffer ready
[2025295039][INF][DECODE] Sample ready, calling ProcessInput...
[2025295040][INF][DECODE] ProcessInput returned: 0x00000000
[2025295054][INF][DECODE] Creating buffer for 1788 bytes...
[2025295054][INF][DECODE] Buffer ready
[2025295054][INF][DECODE] Sample ready, calling ProcessInput...
[2025295055][INF][DECODE] ProcessInput returned: 0x00000000
[2025295071][INF][DECODE] Creating buffer for 1651 bytes...
[2025295071][INF][DECODE] Buffer ready
[2025295071][INF][DECODE] Sample ready, calling ProcessInput...
[2025295071][INF][DECODE] ProcessInput returned: 0x00000000
[2025295083][INF][DECODE] Creating buffer for 1792 bytes...
[2025295083][INF][DECODE] Buffer ready
[2025295083][INF][DECODE] Sample ready, calling ProcessInput...
[2025295084][INF][DECODE] ProcessInput returned: 0x00000000
[2025295096][INF][DECODE] Creating buffer for 1531 bytes...
[2025295096][INF][DECODE] Buffer ready
[2025295096][INF][DECODE] Sample ready, calling ProcessInput...
[2025295096][INF][DECODE] ProcessInput returned: 0x00000000
[2025295114][INF][DECODE] Creating buffer for 1388 bytes...
[2025295114][INF][DECODE] Buffer ready
[2025295114][INF][DECODE] Sample ready, calling ProcessInput...
[2025295115][INF][DECODE] ProcessInput returned: 0x00000000
[2025295132][INF][DECODE] Creating buffer for 1419 bytes...
[2025295132][INF][DECODE] Buffer ready
[2025295132][INF][DECODE] Sample ready, calling ProcessInput...
[2025295132][INF][DECODE] ProcessInput returned: 0x00000000
[2025295149][INF][DECODE] Creating buffer for 1538 bytes...
[2025295149][INF][DECODE] Buffer ready
[2025295149][INF][DECODE] Sample ready, calling ProcessInput...
[2025295150][INF][DECODE] ProcessInput returned: 0x00000000
[2025295163][INF][DECODE] Creating buffer for 1177 bytes...
[2025295163][INF][DECODE] Buffer ready
[2025295163][INF][DECODE] Sample ready, calling ProcessInput...
[2025295163][INF][DECODE] ProcessInput returned: 0x00000000
[2025295180][INF][DECODE] Creating buffer for 1277 bytes...
[2025295180][INF][DECODE] Buffer ready
[2025295180][INF][DECODE] Sample ready, calling ProcessInput...
[2025295180][INF][DECODE] ProcessInput returned: 0x00000000
[2025295193][INF][DECODE] Creating buffer for 1009 bytes...
[2025295193][INF][DECODE] Buffer ready
[2025295193][INF][DECODE] Sample ready, calling ProcessInput...
[2025295194][INF][DECODE] ProcessInput returned: 0x00000000
[2025295208][INF][DECODE] Creating buffer for 944 bytes...
[2025295209][INF][DECODE] Buffer ready
[2025295209][INF][DECODE] Sample ready, calling ProcessInput...
[2025295209][INF][DECODE] ProcessInput returned: 0x00000000
[2025295229][INF][DECODE] Creating buffer for 1150 bytes...
[2025295229][INF][DECODE] Buffer ready
[2025295229][INF][DECODE] Sample ready, calling ProcessInput...
[2025295229][INF][DECODE] ProcessInput returned: 0x00000000
[2025295247][INF][DECODE] Creating buffer for 971 bytes...
[2025295247][INF][DECODE] Buffer ready
[2025295247][INF][DECODE] Sample ready, calling ProcessInput...
[2025295247][INF][DECODE] ProcessInput returned: 0x00000000
[2025295261][INF][DECODE] Creating buffer for 1092 bytes...
[2025295261][INF][DECODE] Buffer ready
[2025295261][INF][DECODE] Sample ready, calling ProcessInput...
[2025295262][INF][DECODE] ProcessInput returned: 0x00000000
[2025295276][INF][DECODE] Creating buffer for 947 bytes...
[2025295276][INF][DECODE] Buffer ready
[2025295276][INF][DECODE] Sample ready, calling ProcessInput...
[2025295276][INF][DECODE] ProcessInput returned: 0x00000000
[2025295296][INF][DECODE] Creating buffer for 975 bytes...
[2025295296][INF][DECODE] Buffer ready
[2025295296][INF][DECODE] Sample ready, calling ProcessInput...
[2025295296][INF][DECODE] ProcessInput returned: 0x00000000
[2025295310][INF][DECODE] Creating buffer for 916 bytes...
[2025295310][INF][DECODE] Buffer ready
[2025295310][INF][DECODE] Sample ready, calling ProcessInput...
[2025295310][INF][DECODE] ProcessInput returned: 0x00000000
[2025295325][INF][DECODE] Creating buffer for 1016 bytes...
[2025295325][INF][DECODE] Buffer ready
[2025295325][INF][DECODE] Sample ready, calling ProcessInput...
[2025295326][INF][DECODE] ProcessInput returned: 0x00000000
[2025295339][INF][DECODE] Creating buffer for 908 bytes...
[2025295339][INF][DECODE] Buffer ready
[2025295339][INF][DECODE] Sample ready, calling ProcessInput...
[2025295339][INF][DECODE] ProcessInput returned: 0x00000000
[2025295356][INF][DECODE] Creating buffer for 1008 bytes...
[2025295356][INF][DECODE] Buffer ready
[2025295356][INF][DECODE] Sample ready, calling ProcessInput...
[2025295356][INF][DECODE] ProcessInput returned: 0x00000000
[2025295375][INF][DECODE] Creating buffer for 904 bytes...
[2025295375][INF][DECODE] Buffer ready
[2025295375][INF][DECODE] Sample ready, calling ProcessInput...
[2025295375][INF][DECODE] ProcessInput returned: 0x00000000
[2025295392][INF][DECODE] Creating buffer for 880 bytes...
[2025295392][INF][DECODE] Buffer ready
[2025295393][INF][DECODE] Sample ready, calling ProcessInput...
[2025295393][INF][DECODE] ProcessInput returned: 0x00000000
[2025295406][INF][DECODE] Creating buffer for 985 bytes...
[2025295406][INF][DECODE] Buffer ready
[2025295406][INF][DECODE] Sample ready, calling ProcessInput...
[2025295407][INF][DECODE] ProcessInput returned: 0x00000000
[2025295423][INF][DECODE] Creating buffer for 884 bytes...
[2025295423][INF][DECODE] Buffer ready
[2025295423][INF][DECODE] Sample ready, calling ProcessInput...
[2025295423][INF][DECODE] ProcessInput returned: 0x00000000
[2025295441][INF][DECODE] Creating buffer for 936 bytes...
[2025295441][INF][DECODE] Buffer ready
[2025295441][INF][DECODE] Sample ready, calling ProcessInput...
[2025295441][INF][DECODE] ProcessInput returned: 0x00000000
[2025295455][INF][DECODE] Creating buffer for 900 bytes...
[2025295455][INF][DECODE] Buffer ready
[2025295455][INF][DECODE] Sample ready, calling ProcessInput...
[2025295456][INF][DECODE] ProcessInput returned: 0x00000000
[2025295473][INF][DECODE] Creating buffer for 882 bytes...
[2025295473][INF][DECODE] Buffer ready
[2025295473][INF][DECODE] Sample ready, calling ProcessInput...
[2025295473][INF][DECODE] ProcessInput returned: 0x00000000
[2025295490][INF][DECODE] Creating buffer for 899 bytes...
[2025295490][INF][DECODE] Buffer ready
[2025295490][INF][DECODE] Sample ready, calling ProcessInput...
[2025295490][INF][DECODE] ProcessInput returned: 0x00000000
[2025295508][INF][DECODE] Creating buffer for 912 bytes...
[2025295508][INF][DECODE] Buffer ready
[2025295508][INF][DECODE] Sample ready, calling ProcessInput...
[2025295509][INF][DECODE] ProcessInput returned: 0x00000000
[2025295521][INF][DECODE] Creating buffer for 905 bytes...
[2025295521][INF][DECODE] Buffer ready
[2025295521][INF][DECODE] Sample ready, calling ProcessInput...
[2025295521][INF][DECODE] ProcessInput returned: 0x00000000
[2025295540][INF][DECODE] Creating buffer for 854 bytes...
[2025295540][INF][DECODE] Buffer ready
[2025295540][INF][DECODE] Sample ready, calling ProcessInput...
[2025295540][INF][DECODE] ProcessInput returned: 0x00000000
[2025295557][INF][DECODE] Creating buffer for 1046 bytes...
[2025295557][INF][DECODE] Buffer ready
[2025295557][INF][DECODE] Sample ready, calling ProcessInput...
[2025295557][INF][DECODE] ProcessInput returned: 0x00000000
[2025295575][INF][DECODE] Creating buffer for 903 bytes...
[2025295575][INF][DECODE] Buffer ready
[2025295575][INF][DECODE] Sample ready, calling ProcessInput...
[2025295576][INF][DECODE] ProcessInput returned: 0x00000000
[2025295592][INF][DECODE] Creating buffer for 951 bytes...
[2025295592][INF][DECODE] Buffer ready
[2025295592][INF][DECODE] Sample ready, calling ProcessInput...
[2025295593][INF][DECODE] ProcessInput returned: 0x00000000
[2025295606][INF][DECODE] Creating buffer for 886 bytes...
[2025295606][INF][DECODE] Buffer ready
[2025295606][INF][DECODE] Sample ready, calling ProcessInput...
[2025295606][INF][DECODE] ProcessInput returned: 0x00000000
[2025295624][INF][DECODE] Creating buffer for 887 bytes...
[2025295624][INF][DECODE] Buffer ready
[2025295624][INF][DECODE] Sample ready, calling ProcessInput...
[2025295625][INF][DECODE] ProcessInput returned: 0x00000000
[2025295641][INF][DECODE] Creating buffer for 870 bytes...
[2025295642][INF][DECODE] Buffer ready
[2025295642][INF][DECODE] Sample ready, calling ProcessInput...
[2025295642][INF][DECODE] ProcessInput returned: 0x00000000
[2025295654][INF][DECODE] Creating buffer for 1172 bytes...
[2025295654][INF][DECODE] Buffer ready
[2025295654][INF][DECODE] Sample ready, calling ProcessInput...
[2025295655][INF][DECODE] ProcessInput returned: 0x00000000
[2025295655][INF][VIEW] Decoded: 60, FPS: 51.3
[2025295675][INF][DECODE] Creating buffer for 332146 bytes...
[2025295675][INF][DECODE] Buffer ready
[2025295675][INF][DECODE] Sample ready, calling ProcessInput...
[2025295676][INF][DECODE] ProcessInput returned: 0x00000000
[2025295686][INF][DECODE] Creating buffer for 4205 bytes...
[2025295686][INF][DECODE] Buffer ready
[2025295686][INF][DECODE] Sample ready, calling ProcessInput...
[2025295686][INF][DECODE] ProcessInput returned: 0x00000000
[2025295699][INF][DECODE] Creating buffer for 2377 bytes...
[2025295699][INF][DECODE] Buffer ready
[2025295699][INF][DECODE] Sample ready, calling ProcessInput...
[2025295699][INF][DECODE] ProcessInput returned: 0x00000000
[2025295716][INF][DECODE] Creating buffer for 7975 bytes...
[2025295716][INF][DECODE] Buffer ready
[2025295716][INF][DECODE] Sample ready, calling ProcessInput...
[2025295716][INF][DECODE] ProcessInput returned: 0x00000000
[2025295733][INF][DECODE] Creating buffer for 1920 bytes...
[2025295733][INF][DECODE] Buffer ready
[2025295733][INF][DECODE] Sample ready, calling ProcessInput...
[2025295733][INF][DECODE] ProcessInput returned: 0x00000000
[2025295750][INF][DECODE] Creating buffer for 2549 bytes...
[2025295750][INF][DECODE] Buffer ready
[2025295750][INF][DECODE] Sample ready, calling ProcessInput...
[2025295751][INF][DECODE] ProcessInput returned: 0x00000000
[2025295764][INF][DECODE] Creating buffer for 1545 bytes...
[2025295765][INF][DECODE] Buffer ready
[2025295765][INF][DECODE] Sample ready, calling ProcessInput...
[2025295765][INF][DECODE] ProcessInput returned: 0x00000000
[2025295783][INF][DECODE] Creating buffer for 1292 bytes...
[2025295783][INF][DECODE] Buffer ready
[2025295783][INF][DECODE] Sample ready, calling ProcessInput...
[2025295783][INF][DECODE] ProcessInput returned: 0x00000000
[2025295800][INF][DECODE] Creating buffer for 1865 bytes...
[2025295800][INF][DECODE] Buffer ready
[2025295800][INF][DECODE] Sample ready, calling ProcessInput...
[2025295801][INF][DECODE] ProcessInput returned: 0x00000000
[2025295814][INF][DECODE] Creating buffer for 1117 bytes...
[2025295814][INF][DECODE] Buffer ready
[2025295814][INF][DECODE] Sample ready, calling ProcessInput...
[2025295814][INF][DECODE] ProcessInput returned: 0x00000000
[2025295831][INF][DECODE] Creating buffer for 1667 bytes...
[2025295831][INF][DECODE] Buffer ready
[2025295831][INF][DECODE] Sample ready, calling ProcessInput...
[2025295832][INF][DECODE] ProcessInput returned: 0x00000000
[2025295844][INF][DECODE] Creating buffer for 1208 bytes...
[2025295844][INF][DECODE] Buffer ready
[2025295844][INF][DECODE] Sample ready, calling ProcessInput...
[2025295844][INF][DECODE] ProcessInput returned: 0x00000000
[2025295856][INF][DECODE] Creating buffer for 1154 bytes...
[2025295856][INF][DECODE] Buffer ready
[2025295856][INF][DECODE] Sample ready, calling ProcessInput...
[2025295856][INF][DECODE] ProcessInput returned: 0x00000000
[2025295875][INF][DECODE] Creating buffer for 1128 bytes...
[2025295875][INF][DECODE] Buffer ready
[2025295875][INF][DECODE] Sample ready, calling ProcessInput...
[2025295875][INF][DECODE] ProcessInput returned: 0x00000000
[2025295892][INF][DECODE] Creating buffer for 1857 bytes...
[2025295892][INF][DECODE] Buffer ready
[2025295892][INF][DECODE] Sample ready, calling ProcessInput...
[2025295892][INF][DECODE] ProcessInput returned: 0x00000000
[2025295910][INF][DECODE] Creating buffer for 1102 bytes...
[2025295910][INF][DECODE] Buffer ready
[2025295910][INF][DECODE] Sample ready, calling ProcessInput...
[2025295910][INF][DECODE] ProcessInput returned: 0x00000000
[2025295923][INF][DECODE] Creating buffer for 1909 bytes...
[2025295923][INF][DECODE] Buffer ready
[2025295923][INF][DECODE] Sample ready, calling ProcessInput...
[2025295923][INF][DECODE] ProcessInput returned: 0x00000000
[2025295940][INF][DECODE] Creating buffer for 1085 bytes...
[2025295940][INF][DECODE] Buffer ready
[2025295941][INF][DECODE] Sample ready, calling ProcessInput...
[2025295941][INF][DECODE] ProcessInput returned: 0x00000000
[2025295957][INF][DECODE] Creating buffer for 1051 bytes...
[2025295957][INF][DECODE] Buffer ready
[2025295957][INF][DECODE] Sample ready, calling ProcessInput...
[2025295957][INF][DECODE] ProcessInput returned: 0x00000000
[2025295972][INF][DECODE] Creating buffer for 1504 bytes...
[2025295972][INF][DECODE] Buffer ready
[2025295972][INF][DECODE] Sample ready, calling ProcessInput...
[2025295972][INF][DECODE] ProcessInput returned: 0x00000000
[2025295984][INF][DECODE] Creating buffer for 1073 bytes...
[2025295984][INF][DECODE] Buffer ready
[2025295984][INF][DECODE] Sample ready, calling ProcessInput...
[2025295985][INF][DECODE] ProcessInput returned: 0x00000000
[2025295997][INF][DECODE] Creating buffer for 1587 bytes...
[2025295997][INF][DECODE] Buffer ready
[2025295997][INF][DECODE] Sample ready, calling ProcessInput...
[2025295998][INF][DECODE] ProcessInput returned: 0x00000000
[2025296010][INF][DECODE] Creating buffer for 1151 bytes...
[2025296010][INF][DECODE] Buffer ready
[2025296010][INF][DECODE] Sample ready, calling ProcessInput...
[2025296010][INF][DECODE] ProcessInput returned: 0x00000000
[2025296026][INF][DECODE] Creating buffer for 1044 bytes...
[2025296026][INF][DECODE] Buffer ready
[2025296026][INF][DECODE] Sample ready, calling ProcessInput...
[2025296026][INF][DECODE] ProcessInput returned: 0x00000000
[2025296041][INF][DECODE] Creating buffer for 1105 bytes...
[2025296041][INF][DECODE] Buffer ready
[2025296041][INF][DECODE] Sample ready, calling ProcessInput...
[2025296042][INF][DECODE] ProcessInput returned: 0x00000000
[2025296057][INF][DECODE] Creating buffer for 1468 bytes...
[2025296057][INF][DECODE] Buffer ready
[2025296057][INF][DECODE] Sample ready, calling ProcessInput...
[2025296057][INF][DECODE] ProcessInput returned: 0x00000000
[2025296074][INF][DECODE] Creating buffer for 1075 bytes...
[2025296074][INF][DECODE] Buffer ready
[2025296074][INF][DECODE] Sample ready, calling ProcessInput...
[2025296075][INF][DECODE] ProcessInput returned: 0x00000000
[2025296087][INF][DECODE] Creating buffer for 1512 bytes...
[2025296087][INF][DECODE] Buffer ready
[2025296087][INF][DECODE] Sample ready, calling ProcessInput...
[2025296087][INF][DECODE] ProcessInput returned: 0x00000000
[2025296099][INF][DECODE] Creating buffer for 1059 bytes...
[2025296099][INF][DECODE] Buffer ready
[2025296099][INF][DECODE] Sample ready, calling ProcessInput...
[2025296099][INF][DECODE] ProcessInput returned: 0x00000000
[2025296115][INF][DECODE] Creating buffer for 1021 bytes...
[2025296115][INF][DECODE] Buffer ready
[2025296115][INF][DECODE] Sample ready, calling ProcessInput...
[2025296116][INF][DECODE] ProcessInput returned: 0x00000000
[2025296129][INF][DECODE] Creating buffer for 1007 bytes...
[2025296129][INF][DECODE] Buffer ready
[2025296129][INF][DECODE] Sample ready, calling ProcessInput...
[2025296129][INF][DECODE] ProcessInput returned: 0x00000000
[2025296142][INF][DECODE] Creating buffer for 1318 bytes...
[2025296142][INF][DECODE] Buffer ready
[2025296142][INF][DECODE] Sample ready, calling ProcessInput...
[2025296143][INF][DECODE] ProcessInput returned: 0x00000000
[2025296158][INF][DECODE] Creating buffer for 1071 bytes...
[2025296158][INF][DECODE] Buffer ready
[2025296158][INF][DECODE] Sample ready, calling ProcessInput...
[2025296158][INF][DECODE] ProcessInput returned: 0x00000000
[2025296177][INF][DECODE] Creating buffer for 1339 bytes...
[2025296177][INF][DECODE] Buffer ready
[2025296177][INF][DECODE] Sample ready, calling ProcessInput...
[2025296177][INF][DECODE] ProcessInput returned: 0x00000000
[2025296190][INF][DECODE] Creating buffer for 1094 bytes...
[2025296190][INF][DECODE] Buffer ready
[2025296190][INF][DECODE] Sample ready, calling ProcessInput...
[2025296191][INF][DECODE] ProcessInput returned: 0x00000000
[2025296204][INF][DECODE] Creating buffer for 1031 bytes...
[2025296204][INF][DECODE] Buffer ready
[2025296204][INF][DECODE] Sample ready, calling ProcessInput...
[2025296204][INF][DECODE] ProcessInput returned: 0x00000000
[2025296217][INF][DECODE] Creating buffer for 1142 bytes...
[2025296217][INF][DECODE] Buffer ready
[2025296217][INF][DECODE] Sample ready, calling ProcessInput...
[2025296217][INF][DECODE] ProcessInput returned: 0x00000000
[2025296233][INF][DECODE] Creating buffer for 979 bytes...
[2025296233][INF][DECODE] Buffer ready
[2025296233][INF][DECODE] Sample ready, calling ProcessInput...
[2025296233][INF][DECODE] ProcessInput returned: 0x00000000
[2025296250][INF][DECODE] Creating buffer for 1170 bytes...
[2025296250][INF][DECODE] Buffer ready
[2025296250][INF][DECODE] Sample ready, calling ProcessInput...
[2025296250][INF][DECODE] ProcessInput returned: 0x00000000
[2025296262][INF][DECODE] Creating buffer for 995 bytes...
[2025296262][INF][DECODE] Buffer ready
[2025296262][INF][DECODE] Sample ready, calling ProcessInput...
[2025296262][INF][DECODE] ProcessInput returned: 0x00000000
[2025296274][INF][DECODE] Creating buffer for 994 bytes...
[2025296274][INF][DECODE] Buffer ready
[2025296274][INF][DECODE] Sample ready, calling ProcessInput...
[2025296275][INF][DECODE] ProcessInput returned: 0x00000000
[2025296287][INF][DECODE] Creating buffer for 999 bytes...
[2025296287][INF][DECODE] Buffer ready
[2025296287][INF][DECODE] Sample ready, calling ProcessInput...
[2025296287][INF][DECODE] ProcessInput returned: 0x00000000
[2025296299][INF][DECODE] Creating buffer for 1022 bytes...
[2025296299][INF][DECODE] Buffer ready
[2025296299][INF][DECODE] Sample ready, calling ProcessInput...
[2025296300][INF][DECODE] ProcessInput returned: 0x00000000
[2025296314][INF][DECODE] Creating buffer for 1062 bytes...
[2025296314][INF][DECODE] Buffer ready
[2025296314][INF][DECODE] Sample ready, calling ProcessInput...
[2025296315][INF][DECODE] ProcessInput returned: 0x00000000
[2025296329][INF][DECODE] Creating buffer for 1021 bytes...
[2025296329][INF][DECODE] Buffer ready
[2025296329][INF][DECODE] Sample ready, calling ProcessInput...
[2025296329][INF][DECODE] ProcessInput returned: 0x00000000
[2025296342][INF][DECODE] Creating buffer for 1050 bytes...
[2025296342][INF][DECODE] Buffer ready
[2025296342][INF][DECODE] Sample ready, calling ProcessInput...
[2025296342][INF][DECODE] ProcessInput returned: 0x00000000
[2025296355][INF][DECODE] Creating buffer for 990 bytes...
[2025296355][INF][DECODE] Buffer ready
[2025296355][INF][DECODE] Sample ready, calling ProcessInput...
[2025296355][INF][DECODE] ProcessInput returned: 0x00000000
[2025296366][INF][DECODE] Creating buffer for 985 bytes...
[2025296366][INF][DECODE] Buffer ready
[2025296366][INF][DECODE] Sample ready, calling ProcessInput...
[2025296367][INF][DECODE] ProcessInput returned: 0x00000000
[2025296382][INF][DECODE] Creating buffer for 1006 bytes...
[2025296382][INF][DECODE] Buffer ready
[2025296382][INF][DECODE] Sample ready, calling ProcessInput...
[2025296382][INF][DECODE] ProcessInput returned: 0x00000000
[2025296396][INF][DECODE] Creating buffer for 1050 bytes...
[2025296396][INF][DECODE] Buffer ready
[2025296396][INF][DECODE] Sample ready, calling ProcessInput...
[2025296396][INF][DECODE] ProcessInput returned: 0x00000000
[2025296408][INF][DECODE] Creating buffer for 1003 bytes...
[2025296408][INF][DECODE] Buffer ready
[2025296408][INF][DECODE] Sample ready, calling ProcessInput...
[2025296409][INF][DECODE] ProcessInput returned: 0x00000000
[2025296426][INF][DECODE] Creating buffer for 1058 bytes...
[2025296426][INF][DECODE] Buffer ready
[2025296426][INF][DECODE] Sample ready, calling ProcessInput...
[2025296426][INF][DECODE] ProcessInput returned: 0x00000000
[2025296439][INF][DECODE] Creating buffer for 978 bytes...
[2025296439][INF][DECODE] Buffer ready
[2025296439][INF][DECODE] Sample ready, calling ProcessInput...
[2025296440][INF][DECODE] ProcessInput returned: 0x00000000
[2025296452][INF][DECODE] Creating buffer for 1005 bytes...
[2025296452][INF][DECODE] Buffer ready
[2025296452][INF][DECODE] Sample ready, calling ProcessInput...
[2025296453][INF][DECODE] ProcessInput returned: 0x00000000
[2025296468][INF][DECODE] Creating buffer for 1006 bytes...
[2025296468][INF][DECODE] Buffer ready
[2025296468][INF][DECODE] Sample ready, calling ProcessInput...
[2025296468][INF][DECODE] ProcessInput returned: 0x00000000
[2025296482][INF][DECODE] Creating buffer for 955 bytes...
[2025296482][INF][DECODE] Buffer ready
[2025296482][INF][DECODE] Sample ready, calling ProcessInput...
[2025296482][INF][DECODE] ProcessInput returned: 0x00000000
[2025296498][INF][DECODE] Creating buffer for 1011 bytes...
[2025296498][INF][DECODE] Buffer ready
[2025296498][INF][DECODE] Sample ready, calling ProcessInput...
[2025296499][INF][DECODE] ProcessInput returned: 0x00000000
[2025296511][INF][DECODE] Creating buffer for 982 bytes...
[2025296511][INF][DECODE] Buffer ready
[2025296511][INF][DECODE] Sample ready, calling ProcessInput...
[2025296511][INF][DECODE] ProcessInput returned: 0x00000000
[2025296524][INF][DECODE] Creating buffer for 992 bytes...
[2025296524][INF][DECODE] Buffer ready
[2025296524][INF][DECODE] Sample ready, calling ProcessInput...
[2025296524][INF][DECODE] ProcessInput returned: 0x00000000
[2025296539][INF][DECODE] Creating buffer for 986 bytes...
[2025296539][INF][DECODE] Buffer ready
[2025296539][INF][DECODE] Sample ready, calling ProcessInput...
[2025296539][INF][DECODE] ProcessInput returned: 0x00000000
[2025296539][INF][VIEW] Decoded: 120, FPS: 58.4
[2025296556][INF][DECODE] Creating buffer for 332482 bytes...
[2025296556][INF][DECODE] Buffer ready
[2025296556][INF][DECODE] Sample ready, calling ProcessInput...
[2025296557][INF][DECODE] ProcessInput returned: 0x00000000
[2025296577][INF][DECODE] Creating buffer for 3838 bytes...
[2025296577][INF][DECODE] Buffer ready
[2025296577][INF][DECODE] Sample ready, calling ProcessInput...
[2025296578][INF][DECODE] ProcessInput returned: 0x00000000
[2025296590][INF][DECODE] Creating buffer for 4896 bytes...
[2025296590][INF][DECODE] Buffer ready
[2025296590][INF][DECODE] Sample ready, calling ProcessInput...
[2025296590][INF][DECODE] ProcessInput returned: 0x00000000
[2025296603][INF][DECODE] Creating buffer for 1671 bytes...
[2025296603][INF][DECODE] Buffer ready
[2025296603][INF][DECODE] Sample ready, calling ProcessInput...
[2025296603][INF][DECODE] ProcessInput returned: 0x00000000
[2025296615][INF][DECODE] Creating buffer for 1406 bytes...
[2025296616][INF][DECODE] Buffer ready
[2025296616][INF][DECODE] Sample ready, calling ProcessInput...
[2025296616][INF][DECODE] ProcessInput returned: 0x00000000
[2025296633][INF][DECODE] Creating buffer for 1256 bytes...
[2025296633][INF][DECODE] Buffer ready
[2025296633][INF][DECODE] Sample ready, calling ProcessInput...
[2025296633][INF][DECODE] ProcessInput returned: 0x00000000
[2025296645][INF][DECODE] Creating buffer for 1604 bytes...
[2025296645][INF][DECODE] Buffer ready
[2025296645][INF][DECODE] Sample ready, calling ProcessInput...
[2025296645][INF][DECODE] ProcessInput returned: 0x00000000
[2025296659][INF][DECODE] Creating buffer for 1233 bytes...
[2025296659][INF][DECODE] Buffer ready
[2025296659][INF][DECODE] Sample ready, calling ProcessInput...
[2025296659][INF][DECODE] ProcessInput returned: 0x00000000
[2025296675][INF][DECODE] Creating buffer for 1551 bytes...
[2025296675][INF][DECODE] Buffer ready
[2025296675][INF][DECODE] Sample ready, calling ProcessInput...
[2025296675][INF][DECODE] ProcessInput returned: 0x00000000
[2025296688][INF][DECODE] Creating buffer for 1135 bytes...
[2025296688][INF][DECODE] Buffer ready
[2025296688][INF][DECODE] Sample ready, calling ProcessInput...
[2025296688][INF][DECODE] ProcessInput returned: 0x00000000
[2025296705][INF][DECODE] Creating buffer for 1119 bytes...
[2025296705][INF][DECODE] Buffer ready
[2025296705][INF][DECODE] Sample ready, calling ProcessInput...
[2025296706][INF][DECODE] ProcessInput returned: 0x00000000
[2025296721][INF][DECODE] Creating buffer for 1141 bytes...
[2025296721][INF][DECODE] Buffer ready
[2025296721][INF][DECODE] Sample ready, calling ProcessInput...
[2025296722][INF][DECODE] ProcessInput returned: 0x00000000
[2025296735][INF][DECODE] Creating buffer for 1815 bytes...
[2025296735][INF][DECODE] Buffer ready
[2025296735][INF][DECODE] Sample ready, calling ProcessInput...
[2025296735][INF][DECODE] ProcessInput returned: 0x00000000
[2025296748][INF][DECODE] Creating buffer for 1158 bytes...
[2025296748][INF][DECODE] Buffer ready
[2025296748][INF][DECODE] Sample ready, calling ProcessInput...
[2025296748][INF][DECODE] ProcessInput returned: 0x00000000
[2025296766][INF][DECODE] Creating buffer for 1792 bytes...
[2025296766][INF][DECODE] Buffer ready
[2025296766][INF][DECODE] Sample ready, calling ProcessInput...
[2025296766][INF][DECODE] ProcessInput returned: 0x00000000
[2025296779][INF][DECODE] Creating buffer for 1121 bytes...
[2025296779][INF][DECODE] Buffer ready
[2025296779][INF][DECODE] Sample ready, calling ProcessInput...
[2025296779][INF][DECODE] ProcessInput returned: 0x00000000
[2025296791][INF][DECODE] Creating buffer for 1069 bytes...
[2025296791][INF][DECODE] Buffer ready
[2025296791][INF][DECODE] Sample ready, calling ProcessInput...
[2025296791][INF][DECODE] ProcessInput returned: 0x00000000
[2025296808][INF][DECODE] Creating buffer for 1053 bytes...
[2025296808][INF][DECODE] Buffer ready
[2025296808][INF][DECODE] Sample ready, calling ProcessInput...
[2025296809][INF][DECODE] ProcessInput returned: 0x00000000
[2025296824][INF][DECODE] Creating buffer for 1082 bytes...
[2025296824][INF][DECODE] Buffer ready
[2025296824][INF][DECODE] Sample ready, calling ProcessInput...
[2025296824][INF][DECODE] ProcessInput returned: 0x00000000
[2025296839][INF][DECODE] Creating buffer for 1903 bytes...
[2025296839][INF][DECODE] Buffer ready
[2025296839][INF][DECODE] Sample ready, calling ProcessInput...
[2025296840][INF][DECODE] ProcessInput returned: 0x00000000
[2025296857][INF][DECODE] Creating buffer for 1084 bytes...
[2025296857][INF][DECODE] Buffer ready
[2025296857][INF][DECODE] Sample ready, calling ProcessInput...
[2025296857][INF][DECODE] ProcessInput returned: 0x00000000
[2025296869][INF][DECODE] Creating buffer for 1943 bytes...
[2025296869][INF][DECODE] Buffer ready
[2025296869][INF][DECODE] Sample ready, calling ProcessInput...
[2025296869][INF][DECODE] ProcessInput returned: 0x00000000
[2025296883][INF][DECODE] Creating buffer for 71042 bytes...
[2025296883][INF][DECODE] Buffer ready
[2025296883][INF][DECODE] Sample ready, calling ProcessInput...
[2025296883][INF][DECODE] ProcessInput returned: 0x00000000
[2025296899][INF][DECODE] Creating buffer for 1133 bytes...
[2025296899][INF][DECODE] Buffer ready
[2025296899][INF][DECODE] Sample ready, calling ProcessInput...
[2025296899][INF][DECODE] ProcessInput returned: 0x00000000
[2025296917][INF][DECODE] Creating buffer for 5380 bytes...
[2025296917][INF][DECODE] Buffer ready
[2025296917][INF][DECODE] Sample ready, calling ProcessInput...
[2025296917][INF][DECODE] ProcessInput returned: 0x00000000
[2025296931][INF][DECODE] Creating buffer for 39919 bytes...
[2025296931][INF][DECODE] Buffer ready
[2025296931][INF][DECODE] Sample ready, calling ProcessInput...
[2025296931][INF][DECODE] ProcessInput returned: 0x00000000
[2025296943][INF][DECODE] Creating buffer for 3804 bytes...
[2025296943][INF][DECODE] Buffer ready
[2025296943][INF][DECODE] Sample ready, calling ProcessInput...
[2025296943][INF][DECODE] ProcessInput returned: 0x00000000
[2025296961][INF][DECODE] Creating buffer for 19850 bytes...
[2025296961][INF][DECODE] Buffer ready
[2025296961][INF][DECODE] Sample ready, calling ProcessInput...
[2025296962][INF][DECODE] ProcessInput returned: 0x00000000
[2025296978][INF][DECODE] Creating buffer for 3153 bytes...
[2025296978][INF][DECODE] Buffer ready
[2025296978][INF][DECODE] Sample ready, calling ProcessInput...
[2025296979][INF][DECODE] ProcessInput returned: 0x00000000
[2025296990][INF][DECODE] Creating buffer for 14801 bytes...
[2025296991][INF][DECODE] Buffer ready
[2025296991][INF][DECODE] Sample ready, calling ProcessInput...
[2025296991][INF][DECODE] ProcessInput returned: 0x00000000
[2025297007][INF][DECODE] Creating buffer for 4218 bytes...
[2025297007][INF][DECODE] Buffer ready
[2025297007][INF][DECODE] Sample ready, calling ProcessInput...
[2025297008][INF][DECODE] ProcessInput returned: 0x00000000
[2025297021][INF][DECODE] Creating buffer for 4015 bytes...
[2025297021][INF][DECODE] Buffer ready
[2025297021][INF][DECODE] Sample ready, calling ProcessInput...
[2025297021][INF][DECODE] ProcessInput returned: 0x00000000
[2025297034][INF][DECODE] Creating buffer for 3897 bytes...
[2025297034][INF][DECODE] Buffer ready
[2025297034][INF][DECODE] Sample ready, calling ProcessInput...
[2025297034][INF][DECODE] ProcessInput returned: 0x00000000
[2025297051][INF][DECODE] Creating buffer for 2382 bytes...
[2025297051][INF][DECODE] Buffer ready
[2025297051][INF][DECODE] Sample ready, calling ProcessInput...
[2025297051][INF][DECODE] ProcessInput returned: 0x00000000
[2025297064][INF][DECODE] Creating buffer for 12991 bytes...
[2025297064][INF][DECODE] Buffer ready
[2025297064][INF][DECODE] Sample ready, calling ProcessInput...
[2025297064][INF][DECODE] ProcessInput returned: 0x00000000
[2025297076][INF][DECODE] Creating buffer for 1654 bytes...
[2025297076][INF][DECODE] Buffer ready
[2025297076][INF][DECODE] Sample ready, calling ProcessInput...
[2025297077][INF][DECODE] ProcessInput returned: 0x00000000
[2025297092][INF][DECODE] Creating buffer for 4678 bytes...
[2025297092][INF][DECODE] Buffer ready
[2025297092][INF][DECODE] Sample ready, calling ProcessInput...
[2025297092][INF][DECODE] ProcessInput returned: 0x00000000
[2025297107][INF][DECODE] Creating buffer for 3704 bytes...
[2025297107][INF][DECODE] Buffer ready
[2025297107][INF][DECODE] Sample ready, calling ProcessInput...
[2025297107][INF][DECODE] ProcessInput returned: 0x00000000
[2025297119][INF][DECODE] Creating buffer for 2736 bytes...
[2025297119][INF][DECODE] Buffer ready
[2025297119][INF][DECODE] Sample ready, calling ProcessInput...
[2025297119][INF][DECODE] ProcessInput returned: 0x00000000
[2025297136][INF][DECODE] Creating buffer for 2743 bytes...
[2025297136][INF][DECODE] Buffer ready
[2025297136][INF][DECODE] Sample ready, calling ProcessInput...
[2025297136][INF][DECODE] ProcessInput returned: 0x00000000
[2025297149][INF][DECODE] Creating buffer for 1844 bytes...
[2025297149][INF][DECODE] Buffer ready
[2025297149][INF][DECODE] Sample ready, calling ProcessInput...
[2025297149][INF][DECODE] ProcessInput returned: 0x00000000
[2025297165][INF][DECODE] Creating buffer for 1712 bytes...
[2025297165][INF][DECODE] Buffer ready
[2025297165][INF][DECODE] Sample ready, calling ProcessInput...
[2025297165][INF][DECODE] ProcessInput returned: 0x00000000
[2025297179][INF][DECODE] Creating buffer for 1835 bytes...
[2025297179][INF][DECODE] Buffer ready
[2025297179][INF][DECODE] Sample ready, calling ProcessInput...
[2025297179][INF][DECODE] ProcessInput returned: 0x00000000
[2025297191][INF][DECODE] Creating buffer for 1668 bytes...
[2025297191][INF][DECODE] Buffer ready
[2025297191][INF][DECODE] Sample ready, calling ProcessInput...
[2025297192][INF][DECODE] ProcessInput returned: 0x00000000
[2025297209][INF][DECODE] Creating buffer for 1696 bytes...
[2025297209][INF][DECODE] Buffer ready
[2025297209][INF][DECODE] Sample ready, calling ProcessInput...
[2025297209][INF][DECODE] ProcessInput returned: 0x00000000
[2025297222][INF][DECODE] Creating buffer for 1525 bytes...
[2025297222][INF][DECODE] Buffer ready
[2025297223][INF][DECODE] Sample ready, calling ProcessInput...
[2025297223][INF][DECODE] ProcessInput returned: 0x00000000
[2025297235][INF][DECODE] Creating buffer for 1551 bytes...
[2025297235][INF][DECODE] Buffer ready
[2025297235][INF][DECODE] Sample ready, calling ProcessInput...
[2025297235][INF][DECODE] ProcessInput returned: 0x00000000
[2025297252][INF][DECODE] Creating buffer for 1501 bytes...
[2025297252][INF][DECODE] Buffer ready
[2025297252][INF][DECODE] Sample ready, calling ProcessInput...
[2025297252][INF][DECODE] ProcessInput returned: 0x00000000
[2025297267][INF][DECODE] Creating buffer for 1506 bytes...
[2025297267][INF][DECODE] Buffer ready
[2025297267][INF][DECODE] Sample ready, calling ProcessInput...
[2025297267][INF][DECODE] ProcessInput returned: 0x00000000
[2025297282][INF][DECODE] Creating buffer for 1914 bytes...
[2025297282][INF][DECODE] Buffer ready
[2025297282][INF][DECODE] Sample ready, calling ProcessInput...
[2025297282][INF][DECODE] ProcessInput returned: 0x00000000
[2025297295][INF][DECODE] Creating buffer for 1517 bytes...
[2025297295][INF][DECODE] Buffer ready
[2025297295][INF][DECODE] Sample ready, calling ProcessInput...
[2025297295][INF][DECODE] ProcessInput returned: 0x00000000
[2025297312][INF][DECODE] Creating buffer for 1937 bytes...
[2025297312][INF][DECODE] Buffer ready
[2025297312][INF][DECODE] Sample ready, calling ProcessInput...
[2025297312][INF][DECODE] ProcessInput returned: 0x00000000
[2025297324][INF][DECODE] Creating buffer for 1558 bytes...
[2025297324][INF][DECODE] Buffer ready
[2025297324][INF][DECODE] Sample ready, calling ProcessInput...
[2025297325][INF][DECODE] ProcessInput returned: 0x00000000
[2025297338][INF][DECODE] Creating buffer for 1526 bytes...
[2025297338][INF][DECODE] Buffer ready
[2025297338][INF][DECODE] Sample ready, calling ProcessInput...
[2025297338][INF][DECODE] ProcessInput returned: 0x00000000
[2025297354][INF][DECODE] Creating buffer for 1627 bytes...
[2025297354][INF][DECODE] Buffer ready
[2025297354][INF][DECODE] Sample ready, calling ProcessInput...
[2025297355][INF][DECODE] ProcessInput returned: 0x00000000
[2025297368][INF][DECODE] Creating buffer for 1504 bytes...
[2025297368][INF][DECODE] Buffer ready
[2025297368][INF][DECODE] Sample ready, calling ProcessInput...
[2025297368][INF][DECODE] ProcessInput returned: 0x00000000
[2025297386][INF][DECODE] Creating buffer for 1620 bytes...
[2025297386][INF][DECODE] Buffer ready
[2025297386][INF][DECODE] Sample ready, calling ProcessInput...
[2025297386][INF][DECODE] ProcessInput returned: 0x00000000
[2025297403][INF][DECODE] Creating buffer for 1479 bytes...
[2025297403][INF][DECODE] Buffer ready
[2025297403][INF][DECODE] Sample ready, calling ProcessInput...
[2025297404][INF][DECODE] ProcessInput returned: 0x00000000
[2025297416][INF][DECODE] Creating buffer for 1478 bytes...
[2025297416][INF][DECODE] Buffer ready
[2025297416][INF][DECODE] Sample ready, calling ProcessInput...
[2025297416][INF][DECODE] ProcessInput returned: 0x00000000
[2025297434][INF][DECODE] Creating buffer for 1471 bytes...
[2025297434][INF][DECODE] Buffer ready
[2025297434][INF][DECODE] Sample ready, calling ProcessInput...
[2025297435][INF][DECODE] ProcessInput returned: 0x00000000
[2025297435][INF][VIEW] Decoded: 180, FPS: 61.0
[2025297455][INF][DECODE] Creating buffer for 591402 bytes...
[2025297456][INF][DECODE] Buffer ready
[2025297456][INF][DECODE] Sample ready, calling ProcessInput...
[2025297458][INF][DECODE] ProcessInput returned: 0x00000000
[2025297477][INF][DECODE] Creating buffer for 22681 bytes...
[2025297477][INF][DECODE] Buffer ready
[2025297477][INF][DECODE] Sample ready, calling ProcessInput...
[2025297477][INF][DECODE] ProcessInput returned: 0x00000000
[2025297494][INF][DECODE] Creating buffer for 17820 bytes...
[2025297495][INF][DECODE] Buffer ready
[2025297495][INF][DECODE] Sample ready, calling ProcessInput...
[2025297495][INF][DECODE] ProcessInput returned: 0x00000000
[2025297537][INF][DECODE] Creating buffer for 2423 bytes...
[2025297537][INF][DECODE] Buffer ready
[2025297537][INF][DECODE] Sample ready, calling ProcessInput...
[2025297537][INF][DECODE] ProcessInput returned: 0x00000000
[2025297538][INF][DECODE] Creating buffer for 8323 bytes...
[2025297538][INF][DECODE] Buffer ready
[2025297538][INF][DECODE] Sample ready, calling ProcessInput...
[2025297538][INF][DECODE] ProcessInput returned: 0x00000000
[2025297538][INF][DECODE] Creating buffer for 26483 bytes...
[2025297538][INF][DECODE] Buffer ready
[2025297538][INF][DECODE] Sample ready, calling ProcessInput...
[2025297538][INF][DECODE] ProcessInput returned: 0x00000000
[2025297538][INF][DECODE] Creating buffer for 12207 bytes...
[2025297538][INF][DECODE] Buffer ready
[2025297538][INF][DECODE] Sample ready, calling ProcessInput...
[2025297538][INF][DECODE] ProcessInput returned: 0x00000000
[2025297698][INF][DECODE] Creating buffer for 19192 bytes...
[2025297698][INF][DECODE] Buffer ready
[2025297698][INF][DECODE] Sample ready, calling ProcessInput...
[2025297698][INF][DECODE] ProcessInput returned: 0x00000000
[2025297698][INF][DECODE] Creating buffer for 8124 bytes...
[2025297698][INF][DECODE] Buffer ready
[2025297698][INF][DECODE] Sample ready, calling ProcessInput...
[2025297698][INF][DECODE] ProcessInput returned: 0x00000000
[2025297698][INF][DECODE] Creating buffer for 7050 bytes...
[2025297698][INF][DECODE] Buffer ready
[2025297698][INF][DECODE] Sample ready, calling ProcessInput...
[2025297698][INF][DECODE] ProcessInput returned: 0x00000000
[2025297698][INF][DECODE] Creating buffer for 6723 bytes...
[2025297698][INF][DECODE] Buffer ready
[2025297698][INF][DECODE] Sample ready, calling ProcessInput...
[2025297698][INF][DECODE] ProcessInput returned: 0x00000000
[2025297699][INF][DECODE] Creating buffer for 6441 bytes...
[2025297699][INF][DECODE] Buffer ready
[2025297699][INF][DECODE] Sample ready, calling ProcessInput...
[2025297699][INF][DECODE] ProcessInput returned: 0x00000000
[2025297699][INF][DECODE] Creating buffer for 6253 bytes...
[2025297699][INF][DECODE] Buffer ready
[2025297699][INF][DECODE] Sample ready, calling ProcessInput...
[2025297700][INF][DECODE] ProcessInput returned: 0x00000000
[2025297700][INF][DECODE] Creating buffer for 6101 bytes...
[2025297700][INF][DECODE] Buffer ready
[2025297700][INF][DECODE] Sample ready, calling ProcessInput...
[2025297701][INF][DECODE] ProcessInput returned: 0x00000000
[2025297701][INF][DECODE] Creating buffer for 6081 bytes...
[2025297701][INF][DECODE] Buffer ready
[2025297701][INF][DECODE] Sample ready, calling ProcessInput...
[2025297702][INF][DECODE] ProcessInput returned: 0x00000000
[2025297702][INF][DECODE] Creating buffer for 6025 bytes...
[2025297702][INF][DECODE] Buffer ready
[2025297702][INF][DECODE] Sample ready, calling ProcessInput...
[2025297703][INF][DECODE] ProcessInput returned: 0x00000000
[2025297703][INF][DECODE] Creating buffer for 6181 bytes...
[2025297703][INF][DECODE] Buffer ready
[2025297703][INF][DECODE] Sample ready, calling ProcessInput...
[2025297703][INF][DECODE] ProcessInput returned: 0x00000000
[2025297797][INF][DECODE] Creating buffer for 6177 bytes...
[2025297797][INF][DECODE] Buffer ready
[2025297797][INF][DECODE] Sample ready, calling ProcessInput...
[2025297798][INF][DECODE] ProcessInput returned: 0x00000000
[2025297798][INF][DECODE] Creating buffer for 6065 bytes...
[2025297798][INF][DECODE] Buffer ready
[2025297798][INF][DECODE] Sample ready, calling ProcessInput...
[2025297798][INF][DECODE] ProcessInput returned: 0x00000000
[2025297798][INF][DECODE] Creating buffer for 6072 bytes...
[2025297798][INF][DECODE] Buffer ready
[2025297798][INF][DECODE] Sample ready, calling ProcessInput...
[2025297798][INF][DECODE] ProcessInput returned: 0x00000000
[2025297798][INF][DECODE] Creating buffer for 6040 bytes...
[2025297798][INF][DECODE] Buffer ready
[2025297798][INF][DECODE] Sample ready, calling ProcessInput...
[2025297798][INF][DECODE] ProcessInput returned: 0x00000000
[2025297798][INF][DECODE] Creating buffer for 6020 bytes...
[2025297798][INF][DECODE] Buffer ready
[2025297798][INF][DECODE] Sample ready, calling ProcessInput...
[2025297798][INF][DECODE] ProcessInput returned: 0x00000000
[2025297798][INF][DECODE] Creating buffer for 6170 bytes...
[2025297798][INF][DECODE] Buffer ready
[2025297798][INF][DECODE] Sample ready, calling ProcessInput...
[2025297799][INF][DECODE] ProcessInput returned: 0x00000000
[2025297934][INF][DECODE] Creating buffer for 12499 bytes...
[2025297934][INF][DECODE] Buffer ready
[2025297934][INF][DECODE] Sample ready, calling ProcessInput...
[2025297934][INF][DECODE] ProcessInput returned: 0x00000000
[2025297934][INF][DECODE] Creating buffer for 3383 bytes...
[2025297935][INF][DECODE] Buffer ready
[2025297935][INF][DECODE] Sample ready, calling ProcessInput...
[2025297935][INF][DECODE] ProcessInput returned: 0x00000000
[2025297935][INF][DECODE] Creating buffer for 2529 bytes...
[2025297935][INF][DECODE] Buffer ready
[2025297935][INF][DECODE] Sample ready, calling ProcessInput...
[2025297935][INF][DECODE] ProcessInput returned: 0x00000000
[2025297935][INF][DECODE] Creating buffer for 2606 bytes...
[2025297935][INF][DECODE] Buffer ready
[2025297935][INF][DECODE] Sample ready, calling ProcessInput...
[2025297935][INF][DECODE] ProcessInput returned: 0x00000000
[2025297935][INF][DECODE] Creating buffer for 2594 bytes...
[2025297935][INF][DECODE] Buffer ready
[2025297935][INF][DECODE] Sample ready, calling ProcessInput...
[2025297935][INF][DECODE] ProcessInput returned: 0x00000000
[2025297935][INF][DECODE] Creating buffer for 2513 bytes...
[2025297935][INF][DECODE] Buffer ready
[2025297935][INF][DECODE] Sample ready, calling ProcessInput...
[2025297936][INF][DECODE] ProcessInput returned: 0x00000000
[2025297936][INF][DECODE] Creating buffer for 2499 bytes...
[2025297936][INF][DECODE] Buffer ready
[2025297936][INF][DECODE] Sample ready, calling ProcessInput...
[2025297936][INF][DECODE] ProcessInput returned: 0x00000000
[2025297936][INF][DECODE] Creating buffer for 2502 bytes...
[2025297936][INF][DECODE] Buffer ready
[2025297936][INF][DECODE] Sample ready, calling ProcessInput...
[2025297936][INF][DECODE] ProcessInput returned: 0x00000000
[2025297936][INF][DECODE] Creating buffer for 2482 bytes...
[2025297936][INF][DECODE] Buffer ready
[2025297936][INF][DECODE] Sample ready, calling ProcessInput...
[2025297936][INF][DECODE] ProcessInput returned: 0x00000000
[2025297936][INF][DECODE] Creating buffer for 2403 bytes...
[2025297936][INF][DECODE] Buffer ready
[2025297936][INF][DECODE] Sample ready, calling ProcessInput...
[2025297937][INF][DECODE] ProcessInput returned: 0x00000000
[2025297937][INF][DECODE] Creating buffer for 2435 bytes...
[2025297937][INF][DECODE] Buffer ready
[2025297937][INF][DECODE] Sample ready, calling ProcessInput...
[2025297938][INF][DECODE] ProcessInput returned: 0x00000000
[2025297938][INF][DECODE] Creating buffer for 2495 bytes...
[2025297938][INF][DECODE] Buffer ready
[2025297938][INF][DECODE] Sample ready, calling ProcessInput...
[2025297938][INF][DECODE] ProcessInput returned: 0x00000000
[2025297938][INF][DECODE] Creating buffer for 2537 bytes...
[2025297938][INF][DECODE] Buffer ready
[2025297938][INF][DECODE] Sample ready, calling ProcessInput...
[2025297939][INF][DECODE] ProcessInput returned: 0x00000000
[2025297939][INF][DECODE] Creating buffer for 2461 bytes...
[2025297939][INF][DECODE] Buffer ready
[2025297939][INF][DECODE] Sample ready, calling ProcessInput...
[2025297940][INF][DECODE] ProcessInput returned: 0x00000000
[2025297940][INF][DECODE] Creating buffer for 2496 bytes...
[2025297940][INF][DECODE] Buffer ready
[2025297940][INF][DECODE] Sample ready, calling ProcessInput...
[2025297940][INF][DECODE] ProcessInput returned: 0x00000000
[2025297940][INF][DECODE] Creating buffer for 2467 bytes...
[2025297940][INF][DECODE] Buffer ready
[2025297940][INF][DECODE] Sample ready, calling ProcessInput...
[2025297942][INF][DECODE] ProcessInput returned: 0x00000000
[2025298073][INF][DECODE] Creating buffer for 5952 bytes...
[2025298073][INF][DECODE] Buffer ready
[2025298073][INF][DECODE] Sample ready, calling ProcessInput...
[2025298074][INF][DECODE] ProcessInput returned: 0x00000000
[2025298102][INF][DECODE] Creating buffer for 7179 bytes...
[2025298102][INF][DECODE] Buffer ready
[2025298102][INF][DECODE] Sample ready, calling ProcessInput...
[2025298102][INF][DECODE] ProcessInput returned: 0x00000000
[2025298102][INF][DECODE] Creating buffer for 2839 bytes...
[2025298102][INF][DECODE] Buffer ready
[2025298102][INF][DECODE] Sample ready, calling ProcessInput...
[2025298102][INF][DECODE] ProcessInput returned: 0x00000000
[2025298102][INF][DECODE] Creating buffer for 2734 bytes...
[2025298102][INF][DECODE] Buffer ready
[2025298102][INF][DECODE] Sample ready, calling ProcessInput...
[2025298102][INF][DECODE] ProcessInput returned: 0x00000000
[2025298102][INF][DECODE] Creating buffer for 2810 bytes...
[2025298102][INF][DECODE] Buffer ready
[2025298102][INF][DECODE] Sample ready, calling ProcessInput...
[2025298102][INF][DECODE] ProcessInput returned: 0x00000000
[2025298102][INF][DECODE] Creating buffer for 2729 bytes...
[2025298102][INF][DECODE] Buffer ready
[2025298102][INF][DECODE] Sample ready, calling ProcessInput...
[2025298103][INF][DECODE] ProcessInput returned: 0x00000000
[2025298103][INF][DECODE] Creating buffer for 2745 bytes...
[2025298103][INF][DECODE] Buffer ready
[2025298103][INF][DECODE] Sample ready, calling ProcessInput...
[2025298103][INF][DECODE] ProcessInput returned: 0x00000000
[2025298103][INF][DECODE] Creating buffer for 2696 bytes...
[2025298103][INF][DECODE] Buffer ready
[2025298103][INF][DECODE] Sample ready, calling ProcessInput...
[2025298103][INF][DECODE] ProcessInput returned: 0x00000000
[2025298181][INF][DECODE] Creating buffer for 7830 bytes...
[2025298181][INF][DECODE] Buffer ready
[2025298181][INF][DECODE] Sample ready, calling ProcessInput...
[2025298181][INF][DECODE] ProcessInput returned: 0x00000000
[2025298182][INF][DECODE] Creating buffer for 2807 bytes...
[2025298182][INF][DECODE] Buffer ready
[2025298182][INF][DECODE] Sample ready, calling ProcessInput...
[2025298182][INF][DECODE] ProcessInput returned: 0x00000000
[2025298182][INF][DECODE] Creating buffer for 2669 bytes...
[2025298182][INF][DECODE] Buffer ready
[2025298182][INF][DECODE] Sample ready, calling ProcessInput...
[2025298182][INF][DECODE] ProcessInput returned: 0x00000000
[2025298182][INF][DECODE] Creating buffer for 2620 bytes...
[2025298182][INF][DECODE] Buffer ready
[2025298182][INF][DECODE] Sample ready, calling ProcessInput...
[2025298182][INF][DECODE] ProcessInput returned: 0x00000000
[2025298182][INF][DECODE] Creating buffer for 2597 bytes...
[2025298182][INF][DECODE] Buffer ready
[2025298182][INF][DECODE] Sample ready, calling ProcessInput...
[2025298182][INF][DECODE] ProcessInput returned: 0x00000000
[2025298182][INF][DECODE] Creating buffer for 2556 bytes...
[2025298182][INF][DECODE] Buffer ready
[2025298182][INF][DECODE] Sample ready, calling ProcessInput...
[2025298182][INF][DECODE] ProcessInput returned: 0x00000000
[2025298214][INF][DECODE] Creating buffer for 4847 bytes...
[2025298214][INF][DECODE] Buffer ready
[2025298214][INF][DECODE] Sample ready, calling ProcessInput...
[2025298214][INF][DECODE] ProcessInput returned: 0x00000000
[2025298260][INF][DECODE] Creating buffer for 5300 bytes...
[2025298260][INF][DECODE] Buffer ready
[2025298260][INF][DECODE] Sample ready, calling ProcessInput...
[2025298260][INF][DECODE] ProcessInput returned: 0x00000000
[2025298260][INF][DECODE] Creating buffer for 2778 bytes...
[2025298260][INF][DECODE] Buffer ready
[2025298260][INF][DECODE] Sample ready, calling ProcessInput...
[2025298260][INF][DECODE] ProcessInput returned: 0x00000000
[2025298260][INF][DECODE] Creating buffer for 2691 bytes...
[2025298260][INF][DECODE] Buffer ready
[2025298260][INF][DECODE] Sample ready, calling ProcessInput...
[2025298260][INF][DECODE] ProcessInput returned: 0x00000000
[2025298260][INF][DECODE] Creating buffer for 2709 bytes...
[2025298260][INF][DECODE] Buffer ready
[2025298260][INF][DECODE] Sample ready, calling ProcessInput...
[2025298261][INF][DECODE] ProcessInput returned: 0x00000000
[2025298407][INF][DECODE] Creating buffer for 3130 bytes...
[2025298407][INF][DECODE] Buffer ready
[2025298407][INF][DECODE] Sample ready, calling ProcessInput...
[2025298408][INF][DECODE] ProcessInput returned: 0x00000000
[2025298408][INF][DECODE] Creating buffer for 2698 bytes...
[2025298408][INF][DECODE] Buffer ready
[2025298408][INF][DECODE] Sample ready, calling ProcessInput...
[2025298408][INF][DECODE] ProcessInput returned: 0x00000000
[2025298408][INF][VIEW] Decoded: 240, FPS: 61.2
[2025298412][INF][DECODE] Creating buffer for 743864 bytes...
[2025298412][INF][DECODE] Buffer ready
[2025298412][INF][DECODE] Sample ready, calling ProcessInput...
[2025298419][INF][DECODE] ProcessInput returned: 0x00000000
[2025298419][INF][DECODE] Creating buffer for 6835 bytes...
[2025298419][INF][DECODE] Buffer ready
[2025298419][INF][DECODE] Sample ready, calling ProcessInput...
[2025298420][INF][DECODE] ProcessInput returned: 0x00000000
[2025298420][INF][DECODE] Creating buffer for 4584 bytes...
[2025298420][INF][DECODE] Buffer ready
[2025298420][INF][DECODE] Sample ready, calling ProcessInput...
[2025298420][INF][DECODE] ProcessInput returned: 0x00000000
[2025298420][INF][DECODE] Creating buffer for 3480 bytes...
[2025298420][INF][DECODE] Buffer ready
[2025298420][INF][DECODE] Sample ready, calling ProcessInput...
[2025298420][INF][DECODE] ProcessInput returned: 0x00000000
[2025298420][INF][DECODE] Creating buffer for 3152 bytes...
[2025298420][INF][DECODE] Buffer ready
[2025298420][INF][DECODE] Sample ready, calling ProcessInput...
[2025298420][INF][DECODE] ProcessInput returned: 0x00000000
[2025298420][INF][DECODE] Creating buffer for 3105 bytes...
[2025298420][INF][DECODE] Buffer ready
[2025298420][INF][DECODE] Sample ready, calling ProcessInput...
[2025298420][INF][DECODE] ProcessInput returned: 0x00000000
[2025298420][INF][DECODE] Creating buffer for 2995 bytes...
[2025298420][INF][DECODE] Buffer ready
[2025298420][INF][DECODE] Sample ready, calling ProcessInput...
[2025298420][INF][DECODE] ProcessInput returned: 0x00000000
[2025298484][INF][DECODE] Creating buffer for 4622 bytes...
[2025298485][INF][DECODE] Buffer ready
[2025298485][INF][DECODE] Sample ready, calling ProcessInput...
[2025298485][INF][DECODE] ProcessInput returned: 0x00000000
[2025298485][INF][DECODE] Creating buffer for 3188 bytes...
[2025298485][INF][DECODE] Buffer ready
[2025298485][INF][DECODE] Sample ready, calling ProcessInput...
[2025298486][INF][DECODE] ProcessInput returned: 0x00000000
[2025298494][INF][DECODE] Creating buffer for 8247 bytes...
[2025298494][INF][DECODE] Buffer ready
[2025298494][INF][DECODE] Sample ready, calling ProcessInput...
[2025298495][INF][DECODE] ProcessInput returned: 0x00000000
[2025298533][INF][DECODE] Creating buffer for 3748 bytes...
[2025298533][INF][DECODE] Buffer ready
[2025298533][INF][DECODE] Sample ready, calling ProcessInput...
[2025298534][INF][DECODE] ProcessInput returned: 0x00000000
[2025298534][INF][DECODE] Creating buffer for 3168 bytes...
[2025298534][INF][DECODE] Buffer ready
[2025298534][INF][DECODE] Sample ready, calling ProcessInput...
[2025298534][INF][DECODE] ProcessInput returned: 0x00000000
[2025298534][INF][DECODE] Creating buffer for 3277 bytes...
[2025298534][INF][DECODE] Buffer ready
[2025298534][INF][DECODE] Sample ready, calling ProcessInput...
[2025298534][INF][DECODE] ProcessInput returned: 0x00000000
[2025298555][INF][DECODE] Creating buffer for 5351 bytes...
[2025298555][INF][DECODE] Buffer ready
[2025298555][INF][DECODE] Sample ready, calling ProcessInput...
[2025298556][INF][DECODE] ProcessInput returned: 0x00000000
[2025298569][INF][DECODE] Creating buffer for 3178 bytes...
[2025298569][INF][DECODE] Buffer ready
[2025298569][INF][DECODE] Sample ready, calling ProcessInput...
[2025298569][INF][DECODE] ProcessInput returned: 0x00000000
[2025298624][INF][DECODE] Creating buffer for 4415 bytes...
[2025298624][INF][DECODE] Buffer ready
[2025298624][INF][DECODE] Sample ready, calling ProcessInput...
[2025298625][INF][DECODE] ProcessInput returned: 0x00000000
[2025298625][INF][DECODE] Creating buffer for 2944 bytes...
[2025298625][INF][DECODE] Buffer ready
[2025298625][INF][DECODE] Sample ready, calling ProcessInput...
[2025298625][INF][DECODE] ProcessInput returned: 0x00000000
[2025298625][INF][DECODE] Creating buffer for 2976 bytes...
[2025298625][INF][DECODE] Buffer ready
[2025298625][INF][DECODE] Sample ready, calling ProcessInput...
[2025298625][INF][DECODE] ProcessInput returned: 0x00000000
[2025298716][INF][DECODE] Creating buffer for 4604 bytes...
[2025298716][INF][DECODE] Buffer ready
[2025298716][INF][DECODE] Sample ready, calling ProcessInput...
[2025298716][INF][DECODE] ProcessInput returned: 0x00000000
[2025298716][INF][DECODE] Creating buffer for 2878 bytes...
[2025298716][INF][DECODE] Buffer ready
[2025298716][INF][DECODE] Sample ready, calling ProcessInput...
[2025298717][INF][DECODE] ProcessInput returned: 0x00000000
[2025298717][INF][DECODE] Creating buffer for 2908 bytes...
[2025298717][INF][DECODE] Buffer ready
[2025298717][INF][DECODE] Sample ready, calling ProcessInput...
[2025298717][INF][DECODE] ProcessInput returned: 0x00000000
[2025298717][INF][DECODE] Creating buffer for 348972 bytes...
[2025298717][INF][DECODE] Buffer ready
[2025298717][INF][DECODE] Sample ready, calling ProcessInput...
[2025298718][INF][DECODE] ProcessInput returned: 0x00000000
[2025298744][INF][DECODE] Creating buffer for 88152 bytes...
[2025298744][INF][DECODE] Buffer ready
[2025298744][INF][DECODE] Sample ready, calling ProcessInput...
[2025298744][INF][DECODE] ProcessInput returned: 0x00000000
[2025298747][INF][DECODE] Creating buffer for 81599 bytes...
[2025298747][INF][DECODE] Buffer ready
[2025298747][INF][DECODE] Sample ready, calling ProcessInput...
[2025298747][INF][DECODE] ProcessInput returned: 0x00000000
[2025298760][INF][DECODE] Creating buffer for 85863 bytes...
[2025298760][INF][DECODE] Buffer ready
[2025298760][INF][DECODE] Sample ready, calling ProcessInput...
[2025298761][INF][DECODE] ProcessInput returned: 0x00000000
[2025298781][INF][DECODE] Creating buffer for 50672 bytes...
[2025298781][INF][DECODE] Buffer ready
[2025298781][INF][DECODE] Sample ready, calling ProcessInput...
[2025298781][INF][DECODE] ProcessInput returned: 0x00000000
[2025298797][INF][DECODE] Creating buffer for 66165 bytes...
[2025298797][INF][DECODE] Buffer ready
[2025298797][INF][DECODE] Sample ready, calling ProcessInput...
[2025298798][INF][DECODE] ProcessInput returned: 0x00000000
[2025298818][INF][DECODE] Creating buffer for 14520 bytes...
[2025298818][INF][DECODE] Buffer ready
[2025298818][INF][DECODE] Sample ready, calling ProcessInput...
[2025298818][INF][DECODE] ProcessInput returned: 0x00000000
[2025298838][INF][DECODE] Creating buffer for 15063 bytes...
[2025298838][INF][DECODE] Buffer ready
[2025298838][INF][DECODE] Sample ready, calling ProcessInput...
[2025298839][INF][DECODE] ProcessInput returned: 0x00000000
[2025298852][INF][DECODE] Creating buffer for 17152 bytes...
[2025298852][INF][DECODE] Buffer ready
[2025298852][INF][DECODE] Sample ready, calling ProcessInput...
[2025298852][INF][DECODE] ProcessInput returned: 0x00000000
[2025298868][INF][DECODE] Creating buffer for 28841 bytes...
[2025298868][INF][DECODE] Buffer ready
[2025298868][INF][DECODE] Sample ready, calling ProcessInput...
[2025298869][INF][DECODE] ProcessInput returned: 0x00000000
[2025298886][INF][DECODE] Creating buffer for 14756 bytes...
[2025298886][INF][DECODE] Buffer ready
[2025298886][INF][DECODE] Sample ready, calling ProcessInput...
[2025298887][INF][DECODE] ProcessInput returned: 0x00000000
[2025298901][INF][DECODE] Creating buffer for 26282 bytes...
[2025298901][INF][DECODE] Buffer ready
[2025298901][INF][DECODE] Sample ready, calling ProcessInput...
[2025298901][INF][DECODE] ProcessInput returned: 0x00000000
[2025298923][INF][DECODE] Creating buffer for 11006 bytes...
[2025298923][INF][DECODE] Buffer ready
[2025298923][INF][DECODE] Sample ready, calling ProcessInput...
[2025298923][INF][DECODE] ProcessInput returned: 0x00000000
[2025298938][INF][DECODE] Creating buffer for 70564 bytes...
[2025298938][INF][DECODE] Buffer ready
[2025298938][INF][DECODE] Sample ready, calling ProcessInput...
[2025298939][INF][DECODE] ProcessInput returned: 0x00000000
[2025298963][INF][DECODE] Creating buffer for 41842 bytes...
[2025298963][INF][DECODE] Buffer ready
[2025298963][INF][DECODE] Sample ready, calling ProcessInput...
[2025298964][INF][DECODE] ProcessInput returned: 0x00000000
[2025298978][INF][DECODE] Creating buffer for 30573 bytes...
[2025298978][INF][DECODE] Buffer ready
[2025298978][INF][DECODE] Sample ready, calling ProcessInput...
[2025298978][INF][DECODE] ProcessInput returned: 0x00000000
[2025298994][INF][DECODE] Creating buffer for 5303 bytes...
[2025298994][INF][DECODE] Buffer ready
[2025298994][INF][DECODE] Sample ready, calling ProcessInput...
[2025298994][INF][DECODE] ProcessInput returned: 0x00000000
[2025299007][INF][DECODE] Creating buffer for 70286 bytes...
[2025299007][INF][DECODE] Buffer ready
[2025299007][INF][DECODE] Sample ready, calling ProcessInput...
[2025299007][INF][DECODE] ProcessInput returned: 0x00000000
[2025299020][INF][DECODE] Creating buffer for 5673 bytes...
[2025299020][INF][DECODE] Buffer ready
[2025299020][INF][DECODE] Sample ready, calling ProcessInput...
[2025299021][INF][DECODE] ProcessInput returned: 0x00000000
[2025299034][INF][DECODE] Creating buffer for 28176 bytes...
[2025299034][INF][DECODE] Buffer ready
[2025299034][INF][DECODE] Sample ready, calling ProcessInput...
[2025299035][INF][DECODE] ProcessInput returned: 0x00000000
[2025299054][INF][DECODE] Creating buffer for 3762 bytes...
[2025299054][INF][DECODE] Buffer ready
[2025299054][INF][DECODE] Sample ready, calling ProcessInput...
[2025299054][INF][DECODE] ProcessInput returned: 0x00000000
[2025299074][INF][DECODE] Creating buffer for 13316 bytes...
[2025299074][INF][DECODE] Buffer ready
[2025299074][INF][DECODE] Sample ready, calling ProcessInput...
[2025299074][INF][DECODE] ProcessInput returned: 0x00000000
[2025299091][INF][DECODE] Creating buffer for 4293 bytes...
[2025299091][INF][DECODE] Buffer ready
[2025299091][INF][DECODE] Sample ready, calling ProcessInput...
[2025299091][INF][DECODE] ProcessInput returned: 0x00000000
[2025299106][INF][DECODE] Creating buffer for 19592 bytes...
[2025299106][INF][DECODE] Buffer ready
[2025299106][INF][DECODE] Sample ready, calling ProcessInput...
[2025299106][INF][DECODE] ProcessInput returned: 0x00000000
[2025299131][INF][DECODE] Creating buffer for 7553 bytes...
[2025299131][INF][DECODE] Buffer ready
[2025299131][INF][DECODE] Sample ready, calling ProcessInput...
[2025299131][INF][DECODE] ProcessInput returned: 0x00000000
[2025299147][INF][DECODE] Creating buffer for 21713 bytes...
[2025299147][INF][DECODE] Buffer ready
[2025299147][INF][DECODE] Sample ready, calling ProcessInput...
[2025299147][INF][DECODE] ProcessInput returned: 0x00000000
[2025299164][INF][DECODE] Creating buffer for 10806 bytes...
[2025299165][INF][DECODE] Buffer ready
[2025299165][INF][DECODE] Sample ready, calling ProcessInput...
[2025299165][INF][DECODE] ProcessInput returned: 0x00000000
[2025299185][INF][DECODE] Creating buffer for 6756 bytes...
[2025299185][INF][DECODE] Buffer ready
[2025299185][INF][DECODE] Sample ready, calling ProcessInput...
[2025299186][INF][DECODE] ProcessInput returned: 0x00000000
[2025299200][INF][DECODE] Creating buffer for 59003 bytes...
[2025299200][INF][DECODE] Buffer ready
[2025299200][INF][DECODE] Sample ready, calling ProcessInput...
[2025299200][INF][DECODE] ProcessInput returned: 0x00000000
[2025299219][INF][DECODE] Creating buffer for 97163 bytes...
[2025299220][INF][DECODE] Buffer ready
[2025299220][INF][DECODE] Sample ready, calling ProcessInput...
[2025299220][INF][DECODE] ProcessInput returned: 0x00000000
[2025299239][INF][DECODE] Creating buffer for 25106 bytes...
[2025299239][INF][DECODE] Buffer ready
[2025299239][INF][DECODE] Sample ready, calling ProcessInput...
[2025299240][INF][DECODE] ProcessInput returned: 0x00000000
[2025299255][INF][DECODE] Creating buffer for 31313 bytes...
[2025299255][INF][DECODE] Buffer ready
[2025299255][INF][DECODE] Sample ready, calling ProcessInput...
[2025299256][INF][DECODE] ProcessInput returned: 0x00000000
[2025299276][INF][DECODE] Creating buffer for 13860 bytes...
[2025299276][INF][DECODE] Buffer ready
[2025299277][INF][DECODE] Sample ready, calling ProcessInput...
[2025299277][INF][DECODE] ProcessInput returned: 0x00000000
[2025299287][INF][DECODE] Creating buffer for 42108 bytes...
[2025299287][INF][DECODE] Buffer ready
[2025299287][INF][DECODE] Sample ready, calling ProcessInput...
[2025299288][INF][DECODE] ProcessInput returned: 0x00000000
[2025299305][INF][DECODE] Creating buffer for 67267 bytes...
[2025299305][INF][DECODE] Buffer ready
[2025299305][INF][DECODE] Sample ready, calling ProcessInput...
[2025299306][INF][DECODE] ProcessInput returned: 0x00000000
[2025299318][INF][DECODE] Creating buffer for 85563 bytes...
[2025299318][INF][DECODE] Buffer ready
[2025299318][INF][DECODE] Sample ready, calling ProcessInput...
[2025299319][INF][DECODE] ProcessInput returned: 0x00000000
[2025299334][INF][DECODE] Creating buffer for 14433 bytes...
[2025299335][INF][DECODE] Buffer ready
[2025299335][INF][DECODE] Sample ready, calling ProcessInput...
[2025299335][INF][DECODE] ProcessInput returned: 0x00000000
[2025299348][INF][DECODE] Creating buffer for 12333 bytes...
[2025299348][INF][DECODE] Buffer ready
[2025299348][INF][DECODE] Sample ready, calling ProcessInput...
[2025299348][INF][DECODE] ProcessInput returned: 0x00000000
[2025299369][INF][DECODE] Creating buffer for 18487 bytes...
[2025299370][INF][DECODE] Buffer ready
[2025299370][INF][DECODE] Sample ready, calling ProcessInput...
[2025299370][INF][DECODE] ProcessInput returned: 0x00000000
[2025299370][INF][VIEW] Decoded: 300, FPS: 61.4
[2025299398][INF][DECODE] Creating buffer for 499108 bytes...
[2025299398][INF][DECODE] Buffer ready
[2025299398][INF][DECODE] Sample ready, calling ProcessInput...
[2025299399][INF][DECODE] ProcessInput returned: 0x00000000
[2025299407][INF][DECODE] Creating buffer for 15527 bytes...
[2025299407][INF][DECODE] Buffer ready
[2025299407][INF][DECODE] Sample ready, calling ProcessInput...
[2025299408][INF][DECODE] ProcessInput returned: 0x00000000
[2025299424][INF][DECODE] Creating buffer for 56395 bytes...
[2025299424][INF][DECODE] Buffer ready
[2025299424][INF][DECODE] Sample ready, calling ProcessInput...
[2025299425][INF][DECODE] ProcessInput returned: 0x00000000
[2025299442][INF][DECODE] Creating buffer for 46238 bytes...
[2025299442][INF][DECODE] Buffer ready
[2025299442][INF][DECODE] Sample ready, calling ProcessInput...
[2025299442][INF][DECODE] ProcessInput returned: 0x00000000
[2025299465][INF][DECODE] Creating buffer for 21044 bytes...
[2025299465][INF][DECODE] Buffer ready
[2025299465][INF][DECODE] Sample ready, calling ProcessInput...
[2025299465][INF][DECODE] ProcessInput returned: 0x00000000
[2025299482][INF][DECODE] Creating buffer for 22142 bytes...
[2025299482][INF][DECODE] Buffer ready
[2025299482][INF][DECODE] Sample ready, calling ProcessInput...
[2025299482][INF][DECODE] ProcessInput returned: 0x00000000
[2025299498][INF][DECODE] Creating buffer for 16094 bytes...
[2025299498][INF][DECODE] Buffer ready
[2025299498][INF][DECODE] Sample ready, calling ProcessInput...
[2025299498][INF][DECODE] ProcessInput returned: 0x00000000
[2025299516][INF][DECODE] Creating buffer for 20686 bytes...
[2025299516][INF][DECODE] Buffer ready
[2025299516][INF][DECODE] Sample ready, calling ProcessInput...
[2025299516][INF][DECODE] ProcessInput returned: 0x00000000
[2025299531][INF][DECODE] Creating buffer for 28198 bytes...
[2025299531][INF][DECODE] Buffer ready
[2025299531][INF][DECODE] Sample ready, calling ProcessInput...
[2025299532][INF][DECODE] ProcessInput returned: 0x00000000
[2025299550][INF][DECODE] Creating buffer for 41218 bytes...
[2025299550][INF][DECODE] Buffer ready
[2025299550][INF][DECODE] Sample ready, calling ProcessInput...
[2025299550][INF][DECODE] ProcessInput returned: 0x00000000
[2025299569][INF][DECODE] Creating buffer for 22372 bytes...
[2025299569][INF][DECODE] Buffer ready
[2025299569][INF][DECODE] Sample ready, calling ProcessInput...
[2025299569][INF][DECODE] ProcessInput returned: 0x00000000
[2025299583][INF][DECODE] Creating buffer for 52034 bytes...
[2025299584][INF][DECODE] Buffer ready
[2025299584][INF][DECODE] Sample ready, calling ProcessInput...
[2025299584][INF][DECODE] ProcessInput returned: 0x00000000
[2025299601][INF][DECODE] Creating buffer for 47523 bytes...
[2025299601][INF][DECODE] Buffer ready
[2025299601][INF][DECODE] Sample ready, calling ProcessInput...
[2025299601][INF][DECODE] ProcessInput returned: 0x00000000
[2025299617][INF][DECODE] Creating buffer for 57018 bytes...
[2025299617][INF][DECODE] Buffer ready
[2025299617][INF][DECODE] Sample ready, calling ProcessInput...
[2025299618][INF][DECODE] ProcessInput returned: 0x00000000
[2025299641][INF][DECODE] Creating buffer for 22571 bytes...
[2025299641][INF][DECODE] Buffer ready
[2025299641][INF][DECODE] Sample ready, calling ProcessInput...
[2025299641][INF][DECODE] ProcessInput returned: 0x00000000
[2025299654][INF][DECODE] Creating buffer for 32117 bytes...
[2025299654][INF][DECODE] Buffer ready
[2025299654][INF][DECODE] Sample ready, calling ProcessInput...
[2025299654][INF][DECODE] ProcessInput returned: 0x00000000
[2025299673][INF][DECODE] Creating buffer for 24078 bytes...
[2025299673][INF][DECODE] Buffer ready
[2025299673][INF][DECODE] Sample ready, calling ProcessInput...
[2025299673][INF][DECODE] ProcessInput returned: 0x00000000
[2025299690][INF][DECODE] Creating buffer for 53022 bytes...
[2025299690][INF][DECODE] Buffer ready
[2025299690][INF][DECODE] Sample ready, calling ProcessInput...
[2025299691][INF][DECODE] ProcessInput returned: 0x00000000
[2025299706][INF][DECODE] Creating buffer for 17656 bytes...
[2025299706][INF][DECODE] Buffer ready
[2025299706][INF][DECODE] Sample ready, calling ProcessInput...
[2025299706][INF][DECODE] ProcessInput returned: 0x00000000
[2025299720][INF][DECODE] Creating buffer for 43014 bytes...
[2025299720][INF][DECODE] Buffer ready
[2025299720][INF][DECODE] Sample ready, calling ProcessInput...
[2025299720][INF][DECODE] ProcessInput returned: 0x00000000
[2025299740][INF][DECODE] Creating buffer for 81983 bytes...
[2025299741][INF][DECODE] Buffer ready
[2025299741][INF][DECODE] Sample ready, calling ProcessInput...
[2025299741][INF][DECODE] ProcessInput returned: 0x00000000
[2025299757][INF][DECODE] Creating buffer for 17175 bytes...
[2025299757][INF][DECODE] Buffer ready
[2025299757][INF][DECODE] Sample ready, calling ProcessInput...
[2025299757][INF][DECODE] ProcessInput returned: 0x00000000
[2025299773][INF][DECODE] Creating buffer for 35707 bytes...
[2025299773][INF][DECODE] Buffer ready
[2025299773][INF][DECODE] Sample ready, calling ProcessInput...
[2025299774][INF][DECODE] ProcessInput returned: 0x00000000
[2025299788][INF][DECODE] Creating buffer for 7169 bytes...
[2025299788][INF][DECODE] Buffer ready
[2025299788][INF][DECODE] Sample ready, calling ProcessInput...
[2025299788][INF][DECODE] ProcessInput returned: 0x00000000
[2025299802][INF][DECODE] Creating buffer for 10329 bytes...
[2025299802][INF][DECODE] Buffer ready
[2025299802][INF][DECODE] Sample ready, calling ProcessInput...
[2025299802][INF][DECODE] ProcessInput returned: 0x00000000
[2025299815][INF][DECODE] Creating buffer for 15434 bytes...
[2025299815][INF][DECODE] Buffer ready
[2025299815][INF][DECODE] Sample ready, calling ProcessInput...
[2025299816][INF][DECODE] ProcessInput returned: 0x00000000
[2025299833][INF][DECODE] Creating buffer for 23067 bytes...
[2025299833][INF][DECODE] Buffer ready
[2025299833][INF][DECODE] Sample ready, calling ProcessInput...
[2025299834][INF][DECODE] ProcessInput returned: 0x00000000
[2025299846][INF][DECODE] Creating buffer for 10355 bytes...
[2025299846][INF][DECODE] Buffer ready
[2025299846][INF][DECODE] Sample ready, calling ProcessInput...
[2025299847][INF][DECODE] ProcessInput returned: 0x00000000
[2025299859][INF][DECODE] Creating buffer for 13403 bytes...
[2025299859][INF][DECODE] Buffer ready
[2025299859][INF][DECODE] Sample ready, calling ProcessInput...
[2025299859][INF][DECODE] ProcessInput returned: 0x00000000
[2025299873][INF][DECODE] Creating buffer for 3043 bytes...
[2025299873][INF][DECODE] Buffer ready
[2025299873][INF][DECODE] Sample ready, calling ProcessInput...
[2025299873][INF][DECODE] ProcessInput returned: 0x00000000
[2025299885][INF][DECODE] Creating buffer for 15962 bytes...
[2025299885][INF][DECODE] Buffer ready
[2025299885][INF][DECODE] Sample ready, calling ProcessInput...
[2025299886][INF][DECODE] ProcessInput returned: 0x00000000
[2025299904][INF][DECODE] Creating buffer for 25948 bytes...
[2025299905][INF][DECODE] Buffer ready
[2025299905][INF][DECODE] Sample ready, calling ProcessInput...
[2025299905][INF][DECODE] ProcessInput returned: 0x00000000
[2025299921][INF][DECODE] Creating buffer for 18580 bytes...
[2025299921][INF][DECODE] Buffer ready
[2025299921][INF][DECODE] Sample ready, calling ProcessInput...
[2025299921][INF][DECODE] ProcessInput returned: 0x00000000
[2025299941][INF][DECODE] Creating buffer for 39580 bytes...
[2025299941][INF][DECODE] Buffer ready
[2025299941][INF][DECODE] Sample ready, calling ProcessInput...
[2025299941][INF][DECODE] ProcessInput returned: 0x00000000
[2025299960][INF][DECODE] Creating buffer for 11781 bytes...
[2025299960][INF][DECODE] Buffer ready
[2025299960][INF][DECODE] Sample ready, calling ProcessInput...
[2025299960][INF][DECODE] ProcessInput returned: 0x00000000
[2025299977][INF][DECODE] Creating buffer for 29611 bytes...
[2025299978][INF][DECODE] Buffer ready
[2025299978][INF][DECODE] Sample ready, calling ProcessInput...
[2025299978][INF][DECODE] ProcessInput returned: 0x00000000
[2025299987][INF][DECODE] Creating buffer for 44959 bytes...
[2025299987][INF][DECODE] Buffer ready
[2025299988][INF][DECODE] Sample ready, calling ProcessInput...
[2025299988][INF][DECODE] ProcessInput returned: 0x00000000
[2025300008][INF][DECODE] Creating buffer for 15619 bytes...
[2025300008][INF][DECODE] Buffer ready
[2025300008][INF][DECODE] Sample ready, calling ProcessInput...
[2025300009][INF][DECODE] ProcessInput returned: 0x00000000
[2025300023][INF][DECODE] Creating buffer for 24082 bytes...
[2025300023][INF][DECODE] Buffer ready
[2025300023][INF][DECODE] Sample ready, calling ProcessInput...
[2025300024][INF][DECODE] ProcessInput returned: 0x00000000
[2025300041][INF][DECODE] Creating buffer for 35193 bytes...
[2025300041][INF][DECODE] Buffer ready
[2025300041][INF][DECODE] Sample ready, calling ProcessInput...
[2025300042][INF][DECODE] ProcessInput returned: 0x00000000
[2025300063][INF][DECODE] Creating buffer for 46055 bytes...
[2025300063][INF][DECODE] Buffer ready
[2025300063][INF][DECODE] Sample ready, calling ProcessInput...
[2025300064][INF][DECODE] ProcessInput returned: 0x00000000
[2025300076][INF][DECODE] Creating buffer for 39601 bytes...
[2025300076][INF][DECODE] Buffer ready
[2025300076][INF][DECODE] Sample ready, calling ProcessInput...
[2025300077][INF][DECODE] ProcessInput returned: 0x00000000
[2025300097][INF][DECODE] Creating buffer for 61293 bytes...
[2025300097][INF][DECODE] Buffer ready
[2025300097][INF][DECODE] Sample ready, calling ProcessInput...
[2025300098][INF][DECODE] ProcessInput returned: 0x00000000
[2025300125][INF][DECODE] Creating buffer for 19827 bytes...
[2025300125][INF][DECODE] Buffer ready
[2025300125][INF][DECODE] Sample ready, calling ProcessInput...
[2025300125][INF][DECODE] ProcessInput returned: 0x00000000
[2025300133][INF][DECODE] Creating buffer for 23295 bytes...
[2025300133][INF][DECODE] Buffer ready
[2025300133][INF][DECODE] Sample ready, calling ProcessInput...
[2025300133][INF][DECODE] ProcessInput returned: 0x00000000
[2025300150][INF][DECODE] Creating buffer for 38561 bytes...
[2025300150][INF][DECODE] Buffer ready
[2025300150][INF][DECODE] Sample ready, calling ProcessInput...
[2025300150][INF][DECODE] ProcessInput returned: 0x00000000
[2025300163][INF][DECODE] Creating buffer for 20286 bytes...
[2025300163][INF][DECODE] Buffer ready
[2025300163][INF][DECODE] Sample ready, calling ProcessInput...
[2025300164][INF][DECODE] ProcessInput returned: 0x00000000
[2025300181][INF][DECODE] Creating buffer for 14231 bytes...
[2025300182][INF][DECODE] Buffer ready
[2025300182][INF][DECODE] Sample ready, calling ProcessInput...
[2025300182][INF][DECODE] ProcessInput returned: 0x00000000
[2025300196][INF][DECODE] Creating buffer for 30092 bytes...
[2025300196][INF][DECODE] Buffer ready
[2025300196][INF][DECODE] Sample ready, calling ProcessInput...
[2025300196][INF][DECODE] ProcessInput returned: 0x00000000
[2025300216][INF][DECODE] Creating buffer for 9259 bytes...
[2025300216][INF][DECODE] Buffer ready
[2025300216][INF][DECODE] Sample ready, calling ProcessInput...
[2025300217][INF][DECODE] ProcessInput returned: 0x00000000
[2025300243][INF][DECODE] Creating buffer for 45429 bytes...
[2025300243][INF][DECODE] Buffer ready
[2025300243][INF][DECODE] Sample ready, calling ProcessInput...
[2025300244][INF][DECODE] ProcessInput returned: 0x00000000
[2025300251][INF][DECODE] Creating buffer for 48580 bytes...
[2025300251][INF][DECODE] Buffer ready
[2025300251][INF][DECODE] Sample ready, calling ProcessInput...
[2025300251][INF][DECODE] ProcessInput returned: 0x00000000
[2025300268][INF][DECODE] Creating buffer for 12039 bytes...
[2025300268][INF][DECODE] Buffer ready
[2025300268][INF][DECODE] Sample ready, calling ProcessInput...
[2025300268][INF][DECODE] ProcessInput returned: 0x00000000
[2025300284][INF][DECODE] Creating buffer for 18880 bytes...
[2025300284][INF][DECODE] Buffer ready
[2025300285][INF][DECODE] Sample ready, calling ProcessInput...
[2025300285][INF][DECODE] ProcessInput returned: 0x00000000
[2025300305][INF][DECODE] Creating buffer for 26554 bytes...
[2025300305][INF][DECODE] Buffer ready
[2025300305][INF][DECODE] Sample ready, calling ProcessInput...
[2025300306][INF][DECODE] ProcessInput returned: 0x00000000
[2025300322][INF][DECODE] Creating buffer for 18185 bytes...
[2025300322][INF][DECODE] Buffer ready
[2025300322][INF][DECODE] Sample ready, calling ProcessInput...
[2025300322][INF][DECODE] ProcessInput returned: 0x00000000
[2025300337][INF][DECODE] Creating buffer for 31342 bytes...
[2025300337][INF][DECODE] Buffer ready
[2025300337][INF][DECODE] Sample ready, calling ProcessInput...
[2025300337][INF][DECODE] ProcessInput returned: 0x00000000
[2025300354][INF][DECODE] Creating buffer for 10135 bytes...
[2025300354][INF][DECODE] Buffer ready
[2025300354][INF][DECODE] Sample ready, calling ProcessInput...
[2025300354][INF][DECODE] ProcessInput returned: 0x00000000
[2025300372][INF][DECODE] Creating buffer for 15609 bytes...
[2025300372][INF][DECODE] Buffer ready
[2025300372][INF][DECODE] Sample ready, calling ProcessInput...
[2025300372][INF][DECODE] ProcessInput returned: 0x00000000
[2025300384][INF][DECODE] Creating buffer for 2354 bytes...
[2025300384][INF][DECODE] Buffer ready
[2025300384][INF][DECODE] Sample ready, calling ProcessInput...
[2025300384][INF][DECODE] ProcessInput returned: 0x00000000
[2025300384][INF][VIEW] Decoded: 360, FPS: 61.0
[2025300405][INF][DECODE] Creating buffer for 499466 bytes...
[2025300405][INF][DECODE] Buffer ready
[2025300405][INF][DECODE] Sample ready, calling ProcessInput...
[2025300406][INF][DECODE] ProcessInput returned: 0x00000000
[2025300420][INF][DECODE] Creating buffer for 12969 bytes...
[2025300420][INF][DECODE] Buffer ready
[2025300420][INF][DECODE] Sample ready, calling ProcessInput...
[2025300420][INF][DECODE] ProcessInput returned: 0x00000000
[2025300445][INF][DECODE] Creating buffer for 32052 bytes...
[2025300445][INF][DECODE] Buffer ready
[2025300445][INF][DECODE] Sample ready, calling ProcessInput...
[2025300445][INF][DECODE] ProcessInput returned: 0x00000000
[2025300463][INF][DECODE] Creating buffer for 8720 bytes...
[2025300463][INF][DECODE] Buffer ready
[2025300463][INF][DECODE] Sample ready, calling ProcessInput...
[2025300463][INF][DECODE] ProcessInput returned: 0x00000000
[2025300482][INF][DECODE] Creating buffer for 38859 bytes...
[2025300482][INF][DECODE] Buffer ready
[2025300482][INF][DECODE] Sample ready, calling ProcessInput...
[2025300482][INF][DECODE] ProcessInput returned: 0x00000000
[2025300494][INF][DECODE] Creating buffer for 12655 bytes...
[2025300494][INF][DECODE] Buffer ready
[2025300494][INF][DECODE] Sample ready, calling ProcessInput...
[2025300494][INF][DECODE] ProcessInput returned: 0x00000000
[2025300511][INF][DECODE] Creating buffer for 31409 bytes...
[2025300511][INF][DECODE] Buffer ready
[2025300511][INF][DECODE] Sample ready, calling ProcessInput...
[2025300511][INF][DECODE] ProcessInput returned: 0x00000000
[2025300524][INF][DECODE] Creating buffer for 15871 bytes...
[2025300524][INF][DECODE] Buffer ready
[2025300524][INF][DECODE] Sample ready, calling ProcessInput...
[2025300525][INF][DECODE] ProcessInput returned: 0x00000000
[2025300542][INF][DECODE] Creating buffer for 13578 bytes...
[2025300542][INF][DECODE] Buffer ready
[2025300542][INF][DECODE] Sample ready, calling ProcessInput...
[2025300542][INF][DECODE] ProcessInput returned: 0x00000000
[2025300555][INF][DECODE] Creating buffer for 10901 bytes...
[2025300555][INF][DECODE] Buffer ready
[2025300556][INF][DECODE] Sample ready, calling ProcessInput...
[2025300556][INF][DECODE] ProcessInput returned: 0x00000000
[2025300572][INF][DECODE] Creating buffer for 9462 bytes...
[2025300572][INF][DECODE] Buffer ready
[2025300572][INF][DECODE] Sample ready, calling ProcessInput...
[2025300572][INF][DECODE] ProcessInput returned: 0x00000000
[2025300584][INF][DECODE] Creating buffer for 8182 bytes...
[2025300584][INF][DECODE] Buffer ready
[2025300584][INF][DECODE] Sample ready, calling ProcessInput...
[2025300585][INF][DECODE] ProcessInput returned: 0x00000000
[2025300598][INF][DECODE] Creating buffer for 7468 bytes...
[2025300598][INF][DECODE] Buffer ready
[2025300598][INF][DECODE] Sample ready, calling ProcessInput...
[2025300598][INF][DECODE] ProcessInput returned: 0x00000000
[2025300612][INF][DECODE] Creating buffer for 6919 bytes...
[2025300612][INF][DECODE] Buffer ready
[2025300612][INF][DECODE] Sample ready, calling ProcessInput...
[2025300612][INF][DECODE] ProcessInput returned: 0x00000000
[2025300625][INF][DECODE] Creating buffer for 6640 bytes...
[2025300625][INF][DECODE] Buffer ready
[2025300625][INF][DECODE] Sample ready, calling ProcessInput...
[2025300625][INF][DECODE] ProcessInput returned: 0x00000000
[2025300639][INF][DECODE] Creating buffer for 6561 bytes...
[2025300639][INF][DECODE] Buffer ready
[2025300639][INF][DECODE] Sample ready, calling ProcessInput...
[2025300639][INF][DECODE] ProcessInput returned: 0x00000000
[2025300651][INF][DECODE] Creating buffer for 10014 bytes...
[2025300651][INF][DECODE] Buffer ready
[2025300651][INF][DECODE] Sample ready, calling ProcessInput...
[2025300651][INF][DECODE] ProcessInput returned: 0x00000000
[2025300664][INF][DECODE] Creating buffer for 6441 bytes...
[2025300664][INF][DECODE] Buffer ready
[2025300664][INF][DECODE] Sample ready, calling ProcessInput...
[2025300664][INF][DECODE] ProcessInput returned: 0x00000000
[2025300680][INF][DECODE] Creating buffer for 9435 bytes...
[2025300680][INF][DECODE] Buffer ready
[2025300680][INF][DECODE] Sample ready, calling ProcessInput...
[2025300680][INF][DECODE] ProcessInput returned: 0x00000000
[2025300694][INF][DECODE] Creating buffer for 6261 bytes...
[2025300694][INF][DECODE] Buffer ready
[2025300694][INF][DECODE] Sample ready, calling ProcessInput...
[2025300694][INF][DECODE] ProcessInput returned: 0x00000000
[2025300707][INF][DECODE] Creating buffer for 8920 bytes...
[2025300707][INF][DECODE] Buffer ready
[2025300707][INF][DECODE] Sample ready, calling ProcessInput...
[2025300707][INF][DECODE] ProcessInput returned: 0x00000000
[2025300724][INF][DECODE] Creating buffer for 8195 bytes...
[2025300724][INF][DECODE] Buffer ready
[2025300724][INF][DECODE] Sample ready, calling ProcessInput...
[2025300724][INF][DECODE] ProcessInput returned: 0x00000000
[2025300741][INF][DECODE] Creating buffer for 1166 bytes...
[2025300741][INF][DECODE] Buffer ready
[2025300741][INF][DECODE] Sample ready, calling ProcessInput...
[2025300742][INF][DECODE] ProcessInput returned: 0x00000000
[2025300754][INF][DECODE] Creating buffer for 2661 bytes...
[2025300754][INF][DECODE] Buffer ready
[2025300754][INF][DECODE] Sample ready, calling ProcessInput...
[2025300754][INF][DECODE] ProcessInput returned: 0x00000000
[2025300767][INF][DECODE] Creating buffer for 1098 bytes...
[2025300767][INF][DECODE] Buffer ready
[2025300767][INF][DECODE] Sample ready, calling ProcessInput...
[2025300767][INF][DECODE] ProcessInput returned: 0x00000000
[2025300781][INF][DECODE] Creating buffer for 3225 bytes...
[2025300781][INF][DECODE] Buffer ready
[2025300781][INF][DECODE] Sample ready, calling ProcessInput...
[2025300781][INF][DECODE] ProcessInput returned: 0x00000000
[2025300800][INF][DECODE] Creating buffer for 2822 bytes...
[2025300800][INF][DECODE] Buffer ready
[2025300800][INF][DECODE] Sample ready, calling ProcessInput...
[2025300800][INF][DECODE] ProcessInput returned: 0x00000000
[2025300812][INF][DECODE] Creating buffer for 1165 bytes...
[2025300812][INF][DECODE] Buffer ready
[2025300812][INF][DECODE] Sample ready, calling ProcessInput...
[2025300812][INF][DECODE] ProcessInput returned: 0x00000000
[2025300828][INF][DECODE] Creating buffer for 2972 bytes...
[2025300828][INF][DECODE] Buffer ready
[2025300828][INF][DECODE] Sample ready, calling ProcessInput...
[2025300828][INF][DECODE] ProcessInput returned: 0x00000000
[2025300841][INF][DECODE] Creating buffer for 1394 bytes...
[2025300841][INF][DECODE] Buffer ready
[2025300841][INF][DECODE] Sample ready, calling ProcessInput...
[2025300841][INF][DECODE] ProcessInput returned: 0x00000000
[2025300856][INF][DECODE] Creating buffer for 3193 bytes...
[2025300856][INF][DECODE] Buffer ready
[2025300856][INF][DECODE] Sample ready, calling ProcessInput...
[2025300857][INF][DECODE] ProcessInput returned: 0x00000000
[2025300870][INF][DECODE] Creating buffer for 2555 bytes...
[2025300870][INF][DECODE] Buffer ready
[2025300870][INF][DECODE] Sample ready, calling ProcessInput...
[2025300871][INF][DECODE] ProcessInput returned: 0x00000000
[2025300883][INF][DECODE] Creating buffer for 1132 bytes...
[2025300883][INF][DECODE] Buffer ready
[2025300883][INF][DECODE] Sample ready, calling ProcessInput...
[2025300883][INF][DECODE] ProcessInput returned: 0x00000000
[2025300899][INF][DECODE] Creating buffer for 2390 bytes...
[2025300899][INF][DECODE] Buffer ready
[2025300900][INF][DECODE] Sample ready, calling ProcessInput...
[2025300900][INF][DECODE] ProcessInput returned: 0x00000000
[2025300913][INF][DECODE] Creating buffer for 1224 bytes...
[2025300913][INF][DECODE] Buffer ready
[2025300913][INF][DECODE] Sample ready, calling ProcessInput...
[2025300913][INF][DECODE] ProcessInput returned: 0x00000000
[2025300925][INF][DECODE] Creating buffer for 2355 bytes...
[2025300925][INF][DECODE] Buffer ready
[2025300925][INF][DECODE] Sample ready, calling ProcessInput...
[2025300926][INF][DECODE] ProcessInput returned: 0x00000000
[2025300938][INF][DECODE] Creating buffer for 1238 bytes...
[2025300938][INF][DECODE] Buffer ready
[2025300938][INF][DECODE] Sample ready, calling ProcessInput...
[2025300939][INF][DECODE] ProcessInput returned: 0x00000000
[2025300955][INF][DECODE] Creating buffer for 2537 bytes...
[2025300955][INF][DECODE] Buffer ready
[2025300955][INF][DECODE] Sample ready, calling ProcessInput...
[2025300956][INF][DECODE] ProcessInput returned: 0x00000000
[2025300968][INF][DECODE] Creating buffer for 1064 bytes...
[2025300968][INF][DECODE] Buffer ready
[2025300968][INF][DECODE] Sample ready, calling ProcessInput...
[2025300969][INF][DECODE] ProcessInput returned: 0x00000000
[2025300982][INF][DECODE] Creating buffer for 2457 bytes...
[2025300982][INF][DECODE] Buffer ready
[2025300982][INF][DECODE] Sample ready, calling ProcessInput...
[2025300982][INF][DECODE] ProcessInput returned: 0x00000000
[2025300997][INF][DECODE] Creating buffer for 1149 bytes...
[2025300997][INF][DECODE] Buffer ready
[2025300997][INF][DECODE] Sample ready, calling ProcessInput...
[2025300997][INF][DECODE] ProcessInput returned: 0x00000000
[2025301009][INF][DECODE] Creating buffer for 2451 bytes...
[2025301009][INF][DECODE] Buffer ready
[2025301009][INF][DECODE] Sample ready, calling ProcessInput...
[2025301009][INF][DECODE] ProcessInput returned: 0x00000000
[2025301023][INF][DECODE] Creating buffer for 1263 bytes...
[2025301023][INF][DECODE] Buffer ready
[2025301023][INF][DECODE] Sample ready, calling ProcessInput...
[2025301023][INF][DECODE] ProcessInput returned: 0x00000000
[2025301040][INF][DECODE] Creating buffer for 1053 bytes...
[2025301041][INF][DECODE] Buffer ready
[2025301041][INF][DECODE] Sample ready, calling ProcessInput...
[2025301041][INF][DECODE] ProcessInput returned: 0x00000000
[2025301052][INF][DECODE] Creating buffer for 1556 bytes...
[2025301052][INF][DECODE] Buffer ready
[2025301052][INF][DECODE] Sample ready, calling ProcessInput...
[2025301052][INF][DECODE] ProcessInput returned: 0x00000000
[2025301067][INF][DECODE] Creating buffer for 1030 bytes...
[2025301067][INF][DECODE] Buffer ready
[2025301067][INF][DECODE] Sample ready, calling ProcessInput...
[2025301067][INF][DECODE] ProcessInput returned: 0x00000000
[2025301081][INF][DECODE] Creating buffer for 3033 bytes...
[2025301082][INF][DECODE] Buffer ready
[2025301082][INF][DECODE] Sample ready, calling ProcessInput...
[2025301082][INF][DECODE] ProcessInput returned: 0x00000000
[2025301095][INF][DECODE] Creating buffer for 1046 bytes...
[2025301095][INF][DECODE] Buffer ready
[2025301095][INF][DECODE] Sample ready, calling ProcessInput...
[2025301095][INF][DECODE] ProcessInput returned: 0x00000000
[2025301107][INF][DECODE] Creating buffer for 2741 bytes...
[2025301108][INF][DECODE] Buffer ready
[2025301108][INF][DECODE] Sample ready, calling ProcessInput...
[2025301108][INF][DECODE] ProcessInput returned: 0x00000000
[2025301125][INF][DECODE] Creating buffer for 1127 bytes...
[2025301125][INF][DECODE] Buffer ready
[2025301125][INF][DECODE] Sample ready, calling ProcessInput...
[2025301125][INF][DECODE] ProcessInput returned: 0x00000000
[2025301142][INF][DECODE] Creating buffer for 2604 bytes...
[2025301142][INF][DECODE] Buffer ready
[2025301142][INF][DECODE] Sample ready, calling ProcessInput...
[2025301142][INF][DECODE] ProcessInput returned: 0x00000000
[2025301155][INF][DECODE] Creating buffer for 1147 bytes...
[2025301155][INF][DECODE] Buffer ready
[2025301155][INF][DECODE] Sample ready, calling ProcessInput...
[2025301155][INF][DECODE] ProcessInput returned: 0x00000000
[2025301172][INF][DECODE] Creating buffer for 1351 bytes...
[2025301172][INF][DECODE] Buffer ready
[2025301172][INF][DECODE] Sample ready, calling ProcessInput...
[2025301173][INF][DECODE] ProcessInput returned: 0x00000000
[2025301185][INF][DECODE] Creating buffer for 1109 bytes...
[2025301185][INF][DECODE] Buffer ready
[2025301185][INF][DECODE] Sample ready, calling ProcessInput...
[2025301186][INF][DECODE] ProcessInput returned: 0x00000000
[2025301199][INF][DECODE] Creating buffer for 1234 bytes...
[2025301199][INF][DECODE] Buffer ready
[2025301199][INF][DECODE] Sample ready, calling ProcessInput...
[2025301199][INF][DECODE] ProcessInput returned: 0x00000000
[2025301214][INF][DECODE] Creating buffer for 1114 bytes...
[2025301214][INF][DECODE] Buffer ready
[2025301214][INF][DECODE] Sample ready, calling ProcessInput...
[2025301214][INF][DECODE] ProcessInput returned: 0x00000000
[2025301229][INF][DECODE] Creating buffer for 1919 bytes...
[2025301229][INF][DECODE] Buffer ready
[2025301229][INF][DECODE] Sample ready, calling ProcessInput...
[2025301229][INF][DECODE] ProcessInput returned: 0x00000000
[2025301241][INF][DECODE] Creating buffer for 1406 bytes...
[2025301241][INF][DECODE] Buffer ready
[2025301241][INF][DECODE] Sample ready, calling ProcessInput...
[2025301241][INF][DECODE] ProcessInput returned: 0x00000000
[2025301258][INF][DECODE] Creating buffer for 1911 bytes...
[2025301258][INF][DECODE] Buffer ready
[2025301258][INF][DECODE] Sample ready, calling ProcessInput...
[2025301258][INF][DECODE] ProcessInput returned: 0x00000000
[2025301271][INF][DECODE] Creating buffer for 1138 bytes...
[2025301271][INF][DECODE] Buffer ready
[2025301271][INF][DECODE] Sample ready, calling ProcessInput...
[2025301271][INF][DECODE] ProcessInput returned: 0x00000000
[2025301272][INF][VIEW] Decoded: 420, FPS: 61.9
[2025301297][INF][DECODE] Creating buffer for 747033 bytes...
[2025301297][INF][DECODE] Buffer ready
[2025301297][INF][DECODE] Sample ready, calling ProcessInput...
[2025301298][INF][DECODE] ProcessInput returned: 0x00000000
[2025301306][INF][DECODE] Creating buffer for 65511 bytes...
[2025301306][INF][DECODE] Buffer ready
[2025301306][INF][DECODE] Sample ready, calling ProcessInput...
[2025301307][INF][DECODE] ProcessInput returned: 0x00000000
[2025301327][INF][DECODE] Creating buffer for 115114 bytes...
[2025301328][INF][DECODE] Buffer ready
[2025301328][INF][DECODE] Sample ready, calling ProcessInput...
[2025301328][INF][DECODE] ProcessInput returned: 0x00000000
[2025301343][INF][DECODE] Creating buffer for 68186 bytes...
[2025301343][INF][DECODE] Buffer ready
[2025301343][INF][DECODE] Sample ready, calling ProcessInput...
[2025301344][INF][DECODE] ProcessInput returned: 0x00000000
[2025301362][INF][DECODE] Creating buffer for 76361 bytes...
[2025301362][INF][DECODE] Buffer ready
[2025301362][INF][DECODE] Sample ready, calling ProcessInput...
[2025301362][INF][DECODE] ProcessInput returned: 0x00000000
[2025301376][INF][DECODE] Creating buffer for 31653 bytes...
[2025301376][INF][DECODE] Buffer ready
[2025301376][INF][DECODE] Sample ready, calling ProcessInput...
[2025301377][INF][DECODE] ProcessInput returned: 0x00000000
[2025301392][INF][DECODE] Creating buffer for 159229 bytes...
[2025301393][INF][DECODE] Buffer ready
[2025301393][INF][DECODE] Sample ready, calling ProcessInput...
[2025301393][INF][DECODE] ProcessInput returned: 0x00000000
[2025301403][INF][DECODE] Creating buffer for 13017 bytes...
[2025301403][INF][DECODE] Buffer ready
[2025301403][INF][DECODE] Sample ready, calling ProcessInput...
[2025301404][INF][DECODE] ProcessInput returned: 0x00000000
[2025301426][INF][DECODE] Creating buffer for 7711 bytes...
[2025301427][INF][DECODE] Buffer ready
[2025301427][INF][DECODE] Sample ready, calling ProcessInput...
[2025301427][INF][DECODE] ProcessInput returned: 0x00000000
[2025301443][INF][DECODE] Creating buffer for 177978 bytes...
[2025301443][INF][DECODE] Buffer ready
[2025301443][INF][DECODE] Sample ready, calling ProcessInput...
[2025301443][INF][DECODE] ProcessInput returned: 0x00000000
[2025301457][INF][DECODE] Creating buffer for 4091 bytes...
[2025301457][INF][DECODE] Buffer ready
[2025301457][INF][DECODE] Sample ready, calling ProcessInput...
[2025301457][INF][DECODE] ProcessInput returned: 0x00000000
[2025301479][INF][DECODE] Creating buffer for 97616 bytes...
[2025301479][INF][DECODE] Buffer ready
[2025301479][INF][DECODE] Sample ready, calling ProcessInput...
[2025301479][INF][DECODE] ProcessInput returned: 0x00000000
[2025301495][INF][DECODE] Creating buffer for 7328 bytes...
[2025301495][INF][DECODE] Buffer ready
[2025301495][INF][DECODE] Sample ready, calling ProcessInput...
[2025301496][INF][DECODE] ProcessInput returned: 0x00000000
[2025301508][INF][DECODE] Creating buffer for 3131 bytes...
[2025301508][INF][DECODE] Buffer ready
[2025301508][INF][DECODE] Sample ready, calling ProcessInput...
[2025301508][INF][DECODE] ProcessInput returned: 0x00000000
[2025301526][INF][DECODE] Creating buffer for 69387 bytes...
[2025301526][INF][DECODE] Buffer ready
[2025301526][INF][DECODE] Sample ready, calling ProcessInput...
[2025301526][INF][DECODE] ProcessInput returned: 0x00000000
[2025301538][INF][DECODE] Creating buffer for 3826 bytes...
[2025301539][INF][DECODE] Buffer ready
[2025301539][INF][DECODE] Sample ready, calling ProcessInput...
[2025301539][INF][DECODE] ProcessInput returned: 0x00000000
[2025301553][INF][DECODE] Creating buffer for 29436 bytes...
[2025301553][INF][DECODE] Buffer ready
[2025301553][INF][DECODE] Sample ready, calling ProcessInput...
[2025301553][INF][DECODE] ProcessInput returned: 0x00000000
[2025301564][INF][DECODE] Creating buffer for 2997 bytes...
[2025301564][INF][DECODE] Buffer ready
[2025301564][INF][DECODE] Sample ready, calling ProcessInput...
[2025301565][INF][DECODE] ProcessInput returned: 0x00000000
[2025301581][INF][DECODE] Creating buffer for 48981 bytes...
[2025301582][INF][DECODE] Buffer ready
[2025301582][INF][DECODE] Sample ready, calling ProcessInput...
[2025301582][INF][DECODE] ProcessInput returned: 0x00000000
[2025301601][INF][DECODE] Creating buffer for 516 bytes...
[2025301601][INF][DECODE] Buffer ready
[2025301601][INF][DECODE] Sample ready, calling ProcessInput...
[2025301601][INF][DECODE] ProcessInput returned: 0x00000000
[2025301615][INF][DECODE] Creating buffer for 14415 bytes...
[2025301615][INF][DECODE] Buffer ready
[2025301615][INF][DECODE] Sample ready, calling ProcessInput...
[2025301615][INF][DECODE] ProcessInput returned: 0x00000000
[2025301633][INF][DECODE] Creating buffer for 24111 bytes...
[2025301633][INF][DECODE] Buffer ready
[2025301633][INF][DECODE] Sample ready, calling ProcessInput...
[2025301634][INF][DECODE] ProcessInput returned: 0x00000000
[2025301646][INF][DECODE] Creating buffer for 53858 bytes...
[2025301647][INF][DECODE] Buffer ready
[2025301647][INF][DECODE] Sample ready, calling ProcessInput...
[2025301647][INF][DECODE] ProcessInput returned: 0x00000000
[2025301664][INF][DECODE] Creating buffer for 19220 bytes...
[2025301664][INF][DECODE] Buffer ready
[2025301664][INF][DECODE] Sample ready, calling ProcessInput...
[2025301665][INF][DECODE] ProcessInput returned: 0x00000000
[2025301689][INF][DECODE] Creating buffer for 42811 bytes...
[2025301689][INF][DECODE] Buffer ready
[2025301689][INF][DECODE] Sample ready, calling ProcessInput...
[2025301689][INF][DECODE] ProcessInput returned: 0x00000000
[2025301701][INF][DECODE] Creating buffer for 45998 bytes...
[2025301701][INF][DECODE] Buffer ready
[2025301701][INF][DECODE] Sample ready, calling ProcessInput...
[2025301701][INF][DECODE] ProcessInput returned: 0x00000000
[2025301721][INF][DECODE] Creating buffer for 7158 bytes...
[2025301721][INF][DECODE] Buffer ready
[2025301721][INF][DECODE] Sample ready, calling ProcessInput...
[2025301721][INF][DECODE] ProcessInput returned: 0x00000000
[2025301735][INF][DECODE] Creating buffer for 42404 bytes...
[2025301735][INF][DECODE] Buffer ready
[2025301735][INF][DECODE] Sample ready, calling ProcessInput...
[2025301735][INF][DECODE] ProcessInput returned: 0x00000000
[2025301750][INF][DECODE] Creating buffer for 13036 bytes...
[2025301750][INF][DECODE] Buffer ready
[2025301750][INF][DECODE] Sample ready, calling ProcessInput...
[2025301751][INF][DECODE] ProcessInput returned: 0x00000000
[2025301767][INF][DECODE] Creating buffer for 32531 bytes...
[2025301767][INF][DECODE] Buffer ready
[2025301767][INF][DECODE] Sample ready, calling ProcessInput...
[2025301767][INF][DECODE] ProcessInput returned: 0x00000000
[2025301783][INF][DECODE] Creating buffer for 16436 bytes...
[2025301783][INF][DECODE] Buffer ready
[2025301783][INF][DECODE] Sample ready, calling ProcessInput...
[2025301784][INF][DECODE] ProcessInput returned: 0x00000000
[2025301801][INF][DECODE] Creating buffer for 41113 bytes...
[2025301801][INF][DECODE] Buffer ready
[2025301801][INF][DECODE] Sample ready, calling ProcessInput...
[2025301802][INF][DECODE] ProcessInput returned: 0x00000000
[2025301820][INF][DECODE] Creating buffer for 30515 bytes...
[2025301820][INF][DECODE] Buffer ready
[2025301820][INF][DECODE] Sample ready, calling ProcessInput...
[2025301821][INF][DECODE] ProcessInput returned: 0x00000000
[2025301841][INF][DECODE] Creating buffer for 51558 bytes...
[2025301841][INF][DECODE] Buffer ready
[2025301841][INF][DECODE] Sample ready, calling ProcessInput...
[2025301842][INF][DECODE] ProcessInput returned: 0x00000000
[2025301855][INF][DECODE] Creating buffer for 30956 bytes...
[2025301855][INF][DECODE] Buffer ready
[2025301855][INF][DECODE] Sample ready, calling ProcessInput...
[2025301856][INF][DECODE] ProcessInput returned: 0x00000000
[2025301872][INF][DECODE] Creating buffer for 40926 bytes...
[2025301872][INF][DECODE] Buffer ready
[2025301872][INF][DECODE] Sample ready, calling ProcessInput...
[2025301872][INF][DECODE] ProcessInput returned: 0x00000000
[2025301894][INF][DECODE] Creating buffer for 42602 bytes...
[2025301894][INF][DECODE] Buffer ready
[2025301894][INF][DECODE] Sample ready, calling ProcessInput...
[2025301894][INF][DECODE] ProcessInput returned: 0x00000000
[2025301909][INF][DECODE] Creating buffer for 48331 bytes...
[2025301909][INF][DECODE] Buffer ready
[2025301909][INF][DECODE] Sample ready, calling ProcessInput...
[2025301910][INF][DECODE] ProcessInput returned: 0x00000000
[2025301923][INF][DECODE] Creating buffer for 5972 bytes...
[2025301923][INF][DECODE] Buffer ready
[2025301923][INF][DECODE] Sample ready, calling ProcessInput...
[2025301924][INF][DECODE] ProcessInput returned: 0x00000000
[2025301938][INF][DECODE] Creating buffer for 42528 bytes...
[2025301938][INF][DECODE] Buffer ready
[2025301938][INF][DECODE] Sample ready, calling ProcessInput...
[2025301938][INF][DECODE] ProcessInput returned: 0x00000000
[2025301951][INF][DECODE] Creating buffer for 6141 bytes...
[2025301951][INF][DECODE] Buffer ready
[2025301951][INF][DECODE] Sample ready, calling ProcessInput...
[2025301951][INF][DECODE] ProcessInput returned: 0x00000000
[2025301964][INF][DECODE] Creating buffer for 28314 bytes...
[2025301964][INF][DECODE] Buffer ready
[2025301964][INF][DECODE] Sample ready, calling ProcessInput...
[2025301965][INF][DECODE] ProcessInput returned: 0x00000000
[2025301977][INF][DECODE] Creating buffer for 2914 bytes...
[2025301977][INF][DECODE] Buffer ready
[2025301977][INF][DECODE] Sample ready, calling ProcessInput...
[2025301978][INF][DECODE] ProcessInput returned: 0x00000000
[2025301990][INF][DECODE] Creating buffer for 15362 bytes...
[2025301990][INF][DECODE] Buffer ready
[2025301990][INF][DECODE] Sample ready, calling ProcessInput...
[2025301990][INF][DECODE] ProcessInput returned: 0x00000000
[2025302003][INF][DECODE] Creating buffer for 4791 bytes...
[2025302003][INF][DECODE] Buffer ready
[2025302003][INF][DECODE] Sample ready, calling ProcessInput...
[2025302003][INF][DECODE] ProcessInput returned: 0x00000000
[2025302018][INF][DECODE] Creating buffer for 25390 bytes...
[2025302018][INF][DECODE] Buffer ready
[2025302018][INF][DECODE] Sample ready, calling ProcessInput...
[2025302019][INF][DECODE] ProcessInput returned: 0x00000000
[2025302039][INF][DECODE] Creating buffer for 1934 bytes...
[2025302039][INF][DECODE] Buffer ready
[2025302039][INF][DECODE] Sample ready, calling ProcessInput...
[2025302039][INF][DECODE] ProcessInput returned: 0x00000000
[2025302054][INF][DECODE] Creating buffer for 29974 bytes...
[2025302054][INF][DECODE] Buffer ready
[2025302054][INF][DECODE] Sample ready, calling ProcessInput...
[2025302054][INF][DECODE] ProcessInput returned: 0x00000000
[2025302067][INF][DECODE] Creating buffer for 1901 bytes...
[2025302067][INF][DECODE] Buffer ready
[2025302067][INF][DECODE] Sample ready, calling ProcessInput...
[2025302067][INF][DECODE] ProcessInput returned: 0x00000000
[2025302080][INF][DECODE] Creating buffer for 15459 bytes...
[2025302080][INF][DECODE] Buffer ready
[2025302080][INF][DECODE] Sample ready, calling ProcessInput...
[2025302080][INF][DECODE] ProcessInput returned: 0x00000000
[2025302094][INF][DECODE] Creating buffer for 8047 bytes...
[2025302094][INF][DECODE] Buffer ready
[2025302094][INF][DECODE] Sample ready, calling ProcessInput...
[2025302094][INF][DECODE] ProcessInput returned: 0x00000000
[2025302110][INF][DECODE] Creating buffer for 10216 bytes...
[2025302110][INF][DECODE] Buffer ready
[2025302110][INF][DECODE] Sample ready, calling ProcessInput...
[2025302110][INF][DECODE] ProcessInput returned: 0x00000000
[2025302124][INF][DECODE] Creating buffer for 6323 bytes...
[2025302124][INF][DECODE] Buffer ready
[2025302124][INF][DECODE] Sample ready, calling ProcessInput...
[2025302124][INF][DECODE] ProcessInput returned: 0x00000000
[2025302138][INF][DECODE] Creating buffer for 8785 bytes...
[2025302138][INF][DECODE] Buffer ready
[2025302138][INF][DECODE] Sample ready, calling ProcessInput...
[2025302139][INF][DECODE] ProcessInput returned: 0x00000000
[2025302152][INF][DECODE] Creating buffer for 5128 bytes...
[2025302152][INF][DECODE] Buffer ready
[2025302152][INF][DECODE] Sample ready, calling ProcessInput...
[2025302153][INF][DECODE] ProcessInput returned: 0x00000000
[2025302165][INF][DECODE] Creating buffer for 4874 bytes...
[2025302165][INF][DECODE] Buffer ready
[2025302165][INF][DECODE] Sample ready, calling ProcessInput...
[2025302165][INF][DECODE] ProcessInput returned: 0x00000000
[2025302178][INF][DECODE] Creating buffer for 4442 bytes...
[2025302178][INF][DECODE] Buffer ready
[2025302178][INF][DECODE] Sample ready, calling ProcessInput...
[2025302178][INF][DECODE] ProcessInput returned: 0x00000000
[2025302197][INF][DECODE] Creating buffer for 4782 bytes...
[2025302197][INF][DECODE] Buffer ready
[2025302197][INF][DECODE] Sample ready, calling ProcessInput...
[2025302198][INF][DECODE] ProcessInput returned: 0x00000000
[2025302211][INF][DECODE] Creating buffer for 5390 bytes...
[2025302211][INF][DECODE] Buffer ready
[2025302211][INF][DECODE] Sample ready, calling ProcessInput...
[2025302211][INF][DECODE] ProcessInput returned: 0x00000000
[2025302224][INF][DECODE] Creating buffer for 4194 bytes...
[2025302225][INF][DECODE] Buffer ready
[2025302225][INF][DECODE] Sample ready, calling ProcessInput...
[2025302225][INF][DECODE] ProcessInput returned: 0x00000000
[2025302225][INF][VIEW] Decoded: 480, FPS: 62.0
[2025302249][INF][DECODE] Creating buffer for 947730 bytes...
[2025302249][INF][DECODE] Buffer ready
[2025302249][INF][DECODE] Sample ready, calling ProcessInput...
[2025302251][INF][DECODE] ProcessInput returned: 0x00000000
[2025302272][INF][DECODE] Creating buffer for 5089 bytes...
[2025302272][INF][DECODE] Buffer ready
[2025302272][INF][DECODE] Sample ready, calling ProcessInput...
[2025302273][INF][DECODE] ProcessInput returned: 0x00000000
[2025302285][INF][DECODE] Creating buffer for 12944 bytes...
[2025302285][INF][DECODE] Buffer ready
[2025302286][INF][DECODE] Sample ready, calling ProcessInput...
[2025302286][INF][DECODE] ProcessInput returned: 0x00000000
[2025302298][INF][DECODE] Creating buffer for 3789 bytes...
[2025302298][INF][DECODE] Buffer ready
[2025302298][INF][DECODE] Sample ready, calling ProcessInput...
[2025302299][INF][DECODE] ProcessInput returned: 0x00000000
[2025302311][INF][DECODE] Creating buffer for 8638 bytes...
[2025302311][INF][DECODE] Buffer ready
[2025302311][INF][DECODE] Sample ready, calling ProcessInput...
[2025302311][INF][DECODE] ProcessInput returned: 0x00000000
[2025302324][INF][DECODE] Creating buffer for 3124 bytes...
[2025302324][INF][DECODE] Buffer ready
[2025302324][INF][DECODE] Sample ready, calling ProcessInput...
[2025302324][INF][DECODE] ProcessInput returned: 0x00000000
[2025302337][INF][DECODE] Creating buffer for 3274 bytes...
[2025302337][INF][DECODE] Buffer ready
[2025302337][INF][DECODE] Sample ready, calling ProcessInput...
[2025302337][INF][DECODE] ProcessInput returned: 0x00000000
[2025302352][INF][DECODE] Creating buffer for 2761 bytes...
[2025302352][INF][DECODE] Buffer ready
[2025302352][INF][DECODE] Sample ready, calling ProcessInput...
[2025302352][INF][DECODE] ProcessInput returned: 0x00000000
[2025302364][INF][DECODE] Creating buffer for 2796 bytes...
[2025302364][INF][DECODE] Buffer ready
[2025302364][INF][DECODE] Sample ready, calling ProcessInput...
[2025302365][INF][DECODE] ProcessInput returned: 0x00000000
[2025302385][INF][DECODE] Creating buffer for 2732 bytes...
[2025302385][INF][DECODE] Buffer ready
[2025302385][INF][DECODE] Sample ready, calling ProcessInput...
[2025302386][INF][DECODE] ProcessInput returned: 0x00000000
[2025302400][INF][DECODE] Creating buffer for 2907 bytes...
[2025302400][INF][DECODE] Buffer ready
[2025302400][INF][DECODE] Sample ready, calling ProcessInput...
[2025302400][INF][DECODE] ProcessInput returned: 0x00000000
[2025302413][INF][DECODE] Creating buffer for 2595 bytes...
[2025302413][INF][DECODE] Buffer ready
[2025302413][INF][DECODE] Sample ready, calling ProcessInput...
[2025302413][INF][DECODE] ProcessInput returned: 0x00000000
[2025302426][INF][DECODE] Creating buffer for 2843 bytes...
[2025302426][INF][DECODE] Buffer ready
[2025302426][INF][DECODE] Sample ready, calling ProcessInput...
[2025302426][INF][DECODE] ProcessInput returned: 0x00000000
[2025302441][INF][DECODE] Creating buffer for 2558 bytes...
[2025302441][INF][DECODE] Buffer ready
[2025302441][INF][DECODE] Sample ready, calling ProcessInput...
[2025302441][INF][DECODE] ProcessInput returned: 0x00000000
[2025302454][INF][DECODE] Creating buffer for 2832 bytes...
[2025302454][INF][DECODE] Buffer ready
[2025302454][INF][DECODE] Sample ready, calling ProcessInput...
[2025302454][INF][DECODE] ProcessInput returned: 0x00000000
[2025302467][INF][DECODE] Creating buffer for 2611 bytes...
[2025302467][INF][DECODE] Buffer ready
[2025302467][INF][DECODE] Sample ready, calling ProcessInput...
[2025302468][INF][DECODE] ProcessInput returned: 0x00000000
[2025302480][INF][DECODE] Creating buffer for 2784 bytes...
[2025302480][INF][DECODE] Buffer ready
[2025302480][INF][DECODE] Sample ready, calling ProcessInput...
[2025302481][INF][DECODE] ProcessInput returned: 0x00000000
[2025302493][INF][DECODE] Creating buffer for 2613 bytes...
[2025302493][INF][DECODE] Buffer ready
[2025302493][INF][DECODE] Sample ready, calling ProcessInput...
[2025302493][INF][DECODE] ProcessInput returned: 0x00000000
[2025302508][INF][DECODE] Creating buffer for 2597 bytes...
[2025302508][INF][DECODE] Buffer ready
[2025302508][INF][DECODE] Sample ready, calling ProcessInput...
[2025302508][INF][DECODE] ProcessInput returned: 0x00000000
[2025302522][INF][DECODE] Creating buffer for 2615 bytes...
[2025302522][INF][DECODE] Buffer ready
[2025302522][INF][DECODE] Sample ready, calling ProcessInput...
[2025302522][INF][DECODE] ProcessInput returned: 0x00000000
[2025302535][INF][DECODE] Creating buffer for 3800 bytes...
[2025302535][INF][DECODE] Buffer ready
[2025302535][INF][DECODE] Sample ready, calling ProcessInput...
[2025302536][INF][DECODE] ProcessInput returned: 0x00000000
[2025302550][INF][DECODE] Creating buffer for 2565 bytes...
[2025302550][INF][DECODE] Buffer ready
[2025302550][INF][DECODE] Sample ready, calling ProcessInput...
[2025302550][INF][DECODE] ProcessInput returned: 0x00000000
[2025302564][INF][DECODE] Creating buffer for 4001 bytes...
[2025302564][INF][DECODE] Buffer ready
[2025302564][INF][DECODE] Sample ready, calling ProcessInput...
[2025302564][INF][DECODE] ProcessInput returned: 0x00000000
[2025302577][INF][DECODE] Creating buffer for 2546 bytes...
[2025302577][INF][DECODE] Buffer ready
[2025302577][INF][DECODE] Sample ready, calling ProcessInput...
[2025302577][INF][DECODE] ProcessInput returned: 0x00000000
[2025302590][INF][DECODE] Creating buffer for 3893 bytes...
[2025302590][INF][DECODE] Buffer ready
[2025302590][INF][DECODE] Sample ready, calling ProcessInput...
[2025302590][INF][DECODE] ProcessInput returned: 0x00000000
[2025302604][INF][DECODE] Creating buffer for 2553 bytes...
[2025302604][INF][DECODE] Buffer ready
[2025302604][INF][DECODE] Sample ready, calling ProcessInput...
[2025302604][INF][DECODE] ProcessInput returned: 0x00000000
[2025302617][INF][DECODE] Creating buffer for 3972 bytes...
[2025302617][INF][DECODE] Buffer ready
[2025302617][INF][DECODE] Sample ready, calling ProcessInput...
[2025302618][INF][DECODE] ProcessInput returned: 0x00000000
[2025302633][INF][DECODE] Creating buffer for 2497 bytes...
[2025302633][INF][DECODE] Buffer ready
[2025302633][INF][DECODE] Sample ready, calling ProcessInput...
[2025302634][INF][DECODE] ProcessInput returned: 0x00000000
[2025302647][INF][DECODE] Creating buffer for 4303 bytes...
[2025302647][INF][DECODE] Buffer ready
[2025302647][INF][DECODE] Sample ready, calling ProcessInput...
[2025302647][INF][DECODE] ProcessInput returned: 0x00000000
[2025302666][INF][DECODE] Creating buffer for 2523 bytes...
[2025302666][INF][DECODE] Buffer ready
[2025302666][INF][DECODE] Sample ready, calling ProcessInput...
[2025302666][INF][DECODE] ProcessInput returned: 0x00000000
[2025302678][INF][DECODE] Creating buffer for 4317 bytes...
[2025302678][INF][DECODE] Buffer ready
[2025302678][INF][DECODE] Sample ready, calling ProcessInput...
[2025302678][INF][DECODE] ProcessInput returned: 0x00000000
[2025302692][INF][DECODE] Creating buffer for 2446 bytes...
[2025302692][INF][DECODE] Buffer ready
[2025302692][INF][DECODE] Sample ready, calling ProcessInput...
[2025302692][INF][DECODE] ProcessInput returned: 0x00000000
[2025302705][INF][DECODE] Creating buffer for 4432 bytes...
[2025302705][INF][DECODE] Buffer ready
[2025302705][INF][DECODE] Sample ready, calling ProcessInput...
[2025302706][INF][DECODE] ProcessInput returned: 0x00000000
[2025302719][INF][DECODE] Creating buffer for 2470 bytes...
[2025302719][INF][DECODE] Buffer ready
[2025302719][INF][DECODE] Sample ready, calling ProcessInput...
[2025302719][INF][DECODE] ProcessInput returned: 0x00000000
[2025302732][INF][DECODE] Creating buffer for 6840 bytes...
[2025302732][INF][DECODE] Buffer ready
[2025302732][INF][DECODE] Sample ready, calling ProcessInput...
[2025302732][INF][DECODE] ProcessInput returned: 0x00000000
[2025302745][INF][DECODE] Creating buffer for 2441 bytes...
[2025302745][INF][DECODE] Buffer ready
[2025302745][INF][DECODE] Sample ready, calling ProcessInput...
[2025302745][INF][DECODE] ProcessInput returned: 0x00000000
[2025302759][INF][DECODE] Creating buffer for 4814 bytes...
[2025302759][INF][DECODE] Buffer ready
[2025302759][INF][DECODE] Sample ready, calling ProcessInput...
[2025302759][INF][DECODE] ProcessInput returned: 0x00000000
[2025302771][INF][DECODE] Creating buffer for 2458 bytes...
[2025302771][INF][DECODE] Buffer ready
[2025302771][INF][DECODE] Sample ready, calling ProcessInput...
[2025302771][INF][DECODE] ProcessInput returned: 0x00000000
[2025302784][INF][DECODE] Creating buffer for 5097 bytes...
[2025302784][INF][DECODE] Buffer ready
[2025302784][INF][DECODE] Sample ready, calling ProcessInput...
[2025302784][INF][DECODE] ProcessInput returned: 0x00000000
[2025302800][INF][DECODE] Creating buffer for 2493 bytes...
[2025302800][INF][DECODE] Buffer ready
[2025302800][INF][DECODE] Sample ready, calling ProcessInput...
[2025302800][INF][DECODE] ProcessInput returned: 0x00000000
[2025302812][INF][DECODE] Creating buffer for 7201 bytes...
[2025302812][INF][DECODE] Buffer ready
[2025302812][INF][DECODE] Sample ready, calling ProcessInput...
[2025302813][INF][DECODE] ProcessInput returned: 0x00000000
[2025302824][INF][DECODE] Creating buffer for 2453 bytes...
[2025302824][INF][DECODE] Buffer ready
[2025302824][INF][DECODE] Sample ready, calling ProcessInput...
[2025302825][INF][DECODE] ProcessInput returned: 0x00000000
[2025302841][INF][DECODE] Creating buffer for 4640 bytes...
[2025302841][INF][DECODE] Buffer ready
[2025302841][INF][DECODE] Sample ready, calling ProcessInput...
[2025302841][INF][DECODE] ProcessInput returned: 0x00000000
[2025302860][INF][DECODE] Creating buffer for 2500 bytes...
[2025302860][INF][DECODE] Buffer ready
[2025302860][INF][DECODE] Sample ready, calling ProcessInput...
[2025302860][INF][DECODE] ProcessInput returned: 0x00000000
[2025302880][INF][DECODE] Creating buffer for 4612 bytes...
[2025302880][INF][DECODE] Buffer ready
[2025302880][INF][DECODE] Sample ready, calling ProcessInput...
[2025302880][INF][DECODE] ProcessInput returned: 0x00000000
[2025302893][INF][DECODE] Creating buffer for 4481 bytes...
[2025302893][INF][DECODE] Buffer ready
[2025302893][INF][DECODE] Sample ready, calling ProcessInput...
[2025302893][INF][DECODE] ProcessInput returned: 0x00000000
[2025302908][INF][DECODE] Creating buffer for 4269 bytes...
[2025302908][INF][DECODE] Buffer ready
[2025302908][INF][DECODE] Sample ready, calling ProcessInput...
[2025302908][INF][DECODE] ProcessInput returned: 0x00000000
[2025302926][INF][DECODE] Creating buffer for 4673 bytes...
[2025302927][INF][DECODE] Buffer ready
[2025302927][INF][DECODE] Sample ready, calling ProcessInput...
[2025302927][INF][DECODE] ProcessInput returned: 0x00000000
[2025302939][INF][DECODE] Creating buffer for 2470 bytes...
[2025302939][INF][DECODE] Buffer ready
[2025302940][INF][DECODE] Sample ready, calling ProcessInput...
[2025302940][INF][DECODE] ProcessInput returned: 0x00000000
[2025302953][INF][DECODE] Creating buffer for 4218 bytes...
[2025302953][INF][DECODE] Buffer ready
[2025302953][INF][DECODE] Sample ready, calling ProcessInput...
[2025302954][INF][DECODE] ProcessInput returned: 0x00000000
[2025302968][INF][DECODE] Creating buffer for 2496 bytes...
[2025302969][INF][DECODE] Buffer ready
[2025302969][INF][DECODE] Sample ready, calling ProcessInput...
[2025302969][INF][DECODE] ProcessInput returned: 0x00000000
[2025302982][INF][DECODE] Creating buffer for 4815 bytes...
[2025302983][INF][DECODE] Buffer ready
[2025302983][INF][DECODE] Sample ready, calling ProcessInput...
[2025302983][INF][DECODE] ProcessInput returned: 0x00000000
[2025302998][INF][DECODE] Creating buffer for 2475 bytes...
[2025302998][INF][DECODE] Buffer ready
[2025302998][INF][DECODE] Sample ready, calling ProcessInput...
[2025302998][INF][DECODE] ProcessInput returned: 0x00000000
[2025303011][INF][DECODE] Creating buffer for 3440 bytes...
[2025303011][INF][DECODE] Buffer ready
[2025303011][INF][DECODE] Sample ready, calling ProcessInput...
[2025303011][INF][DECODE] ProcessInput returned: 0x00000000
[2025303026][INF][DECODE] Creating buffer for 2505 bytes...
[2025303026][INF][DECODE] Buffer ready
[2025303026][INF][DECODE] Sample ready, calling ProcessInput...
[2025303027][INF][DECODE] ProcessInput returned: 0x00000000
[2025303040][INF][DECODE] Creating buffer for 3426 bytes...
[2025303040][INF][DECODE] Buffer ready
[2025303040][INF][DECODE] Sample ready, calling ProcessInput...
[2025303041][INF][DECODE] ProcessInput returned: 0x00000000
[2025303055][INF][DECODE] Creating buffer for 2520 bytes...
[2025303055][INF][DECODE] Buffer ready
[2025303055][INF][DECODE] Sample ready, calling ProcessInput...
[2025303055][INF][DECODE] ProcessInput returned: 0x00000000
[2025303069][INF][DECODE] Creating buffer for 3396 bytes...
[2025303070][INF][DECODE] Buffer ready
[2025303070][INF][DECODE] Sample ready, calling ProcessInput...
[2025303070][INF][DECODE] ProcessInput returned: 0x00000000
[2025303086][INF][DECODE] Creating buffer for 2906 bytes...
[2025303086][INF][DECODE] Buffer ready
[2025303086][INF][DECODE] Sample ready, calling ProcessInput...
[2025303086][INF][DECODE] ProcessInput returned: 0x00000000
[2025303101][INF][DECODE] Creating buffer for 2632 bytes...
[2025303101][INF][DECODE] Buffer ready
[2025303101][INF][DECODE] Sample ready, calling ProcessInput...
[2025303101][INF][DECODE] ProcessInput returned: 0x00000000
[2025303101][INF][VIEW] Decoded: 540, FPS: 62.7
[2025303124][INF][DECODE] Creating buffer for 933025 bytes...
[2025303124][INF][DECODE] Buffer ready
[2025303124][INF][DECODE] Sample ready, calling ProcessInput...
[2025303126][INF][DECODE] ProcessInput returned: 0x00000000
[2025303143][INF][DECODE] Creating buffer for 4236 bytes...
[2025303143][INF][DECODE] Buffer ready
[2025303143][INF][DECODE] Sample ready, calling ProcessInput...
[2025303144][INF][DECODE] ProcessInput returned: 0x00000000
[2025303157][INF][DECODE] Creating buffer for 10536 bytes...
[2025303157][INF][DECODE] Buffer ready
[2025303157][INF][DECODE] Sample ready, calling ProcessInput...
[2025303157][INF][DECODE] ProcessInput returned: 0x00000000
[2025303176][INF][DECODE] Creating buffer for 2876 bytes...
[2025303176][INF][DECODE] Buffer ready
[2025303176][INF][DECODE] Sample ready, calling ProcessInput...
[2025303176][INF][DECODE] ProcessInput returned: 0x00000000
[2025303189][INF][DECODE] Creating buffer for 5894 bytes...
[2025303189][INF][DECODE] Buffer ready
[2025303189][INF][DECODE] Sample ready, calling ProcessInput...
[2025303189][INF][DECODE] ProcessInput returned: 0x00000000
[2025303201][INF][DECODE] Creating buffer for 2356 bytes...
[2025303201][INF][DECODE] Buffer ready
[2025303201][INF][DECODE] Sample ready, calling ProcessInput...
[2025303202][INF][DECODE] ProcessInput returned: 0x00000000
[2025303218][INF][DECODE] Creating buffer for 3304 bytes...
[2025303218][INF][DECODE] Buffer ready
[2025303218][INF][DECODE] Sample ready, calling ProcessInput...
[2025303218][INF][DECODE] ProcessInput returned: 0x00000000
[2025303232][INF][DECODE] Creating buffer for 2133 bytes...
[2025303232][INF][DECODE] Buffer ready
[2025303232][INF][DECODE] Sample ready, calling ProcessInput...
[2025303233][INF][DECODE] ProcessInput returned: 0x00000000
[2025303247][INF][DECODE] Creating buffer for 2113 bytes...
[2025303247][INF][DECODE] Buffer ready
[2025303247][INF][DECODE] Sample ready, calling ProcessInput...
[2025303247][INF][DECODE] ProcessInput returned: 0x00000000
[2025303262][INF][DECODE] Creating buffer for 2109 bytes...
[2025303262][INF][DECODE] Buffer ready
[2025303262][INF][DECODE] Sample ready, calling ProcessInput...
[2025303262][INF][DECODE] ProcessInput returned: 0x00000000
[2025303275][INF][DECODE] Creating buffer for 2338 bytes...
[2025303275][INF][DECODE] Buffer ready
[2025303275][INF][DECODE] Sample ready, calling ProcessInput...
[2025303275][INF][DECODE] ProcessInput returned: 0x00000000
[2025303288][INF][DECODE] Creating buffer for 2094 bytes...
[2025303288][INF][DECODE] Buffer ready
[2025303288][INF][DECODE] Sample ready, calling ProcessInput...
[2025303288][INF][DECODE] ProcessInput returned: 0x00000000
[2025303302][INF][DECODE] Creating buffer for 2264 bytes...
[2025303302][INF][DECODE] Buffer ready
[2025303302][INF][DECODE] Sample ready, calling ProcessInput...
[2025303302][INF][DECODE] ProcessInput returned: 0x00000000
[2025303317][INF][DECODE] Creating buffer for 2028 bytes...
[2025303317][INF][DECODE] Buffer ready
[2025303317][INF][DECODE] Sample ready, calling ProcessInput...
[2025303318][INF][DECODE] ProcessInput returned: 0x00000000
[2025303332][INF][DECODE] Creating buffer for 2131 bytes...
[2025303332][INF][DECODE] Buffer ready
[2025303332][INF][DECODE] Sample ready, calling ProcessInput...
[2025303333][INF][DECODE] ProcessInput returned: 0x00000000
[2025303347][INF][DECODE] Creating buffer for 1986 bytes...
[2025303347][INF][DECODE] Buffer ready
[2025303347][INF][DECODE] Sample ready, calling ProcessInput...
[2025303347][INF][DECODE] ProcessInput returned: 0x00000000
[2025303360][INF][DECODE] Creating buffer for 2374 bytes...
[2025303360][INF][DECODE] Buffer ready
[2025303360][INF][DECODE] Sample ready, calling ProcessInput...
[2025303361][INF][DECODE] ProcessInput returned: 0x00000000
[2025303374][INF][DECODE] Creating buffer for 1965 bytes...
[2025303374][INF][DECODE] Buffer ready
[2025303374][INF][DECODE] Sample ready, calling ProcessInput...
[2025303374][INF][DECODE] ProcessInput returned: 0x00000000
[2025303389][INF][DECODE] Creating buffer for 2216 bytes...
[2025303389][INF][DECODE] Buffer ready
[2025303389][INF][DECODE] Sample ready, calling ProcessInput...
[2025303389][INF][DECODE] ProcessInput returned: 0x00000000
[2025303402][INF][DECODE] Creating buffer for 1966 bytes...
[2025303402][INF][DECODE] Buffer ready
[2025303402][INF][DECODE] Sample ready, calling ProcessInput...
[2025303402][INF][DECODE] ProcessInput returned: 0x00000000
[2025303418][INF][DECODE] Creating buffer for 2222 bytes...
[2025303418][INF][DECODE] Buffer ready
[2025303418][INF][DECODE] Sample ready, calling ProcessInput...
[2025303418][INF][DECODE] ProcessInput returned: 0x00000000
[2025303432][INF][DECODE] Creating buffer for 2161 bytes...
[2025303432][INF][DECODE] Buffer ready
[2025303432][INF][DECODE] Sample ready, calling ProcessInput...
[2025303432][INF][DECODE] ProcessInput returned: 0x00000000
[2025303445][INF][DECODE] Creating buffer for 2146 bytes...
[2025303445][INF][DECODE] Buffer ready
[2025303445][INF][DECODE] Sample ready, calling ProcessInput...
[2025303446][INF][DECODE] ProcessInput returned: 0x00000000
[2025303461][INF][DECODE] Creating buffer for 2160 bytes...
[2025303461][INF][DECODE] Buffer ready
[2025303461][INF][DECODE] Sample ready, calling ProcessInput...
[2025303461][INF][DECODE] ProcessInput returned: 0x00000000
[2025303475][INF][DECODE] Creating buffer for 1951 bytes...
[2025303475][INF][DECODE] Buffer ready
[2025303475][INF][DECODE] Sample ready, calling ProcessInput...
[2025303476][INF][DECODE] ProcessInput returned: 0x00000000
[2025303489][INF][DECODE] Creating buffer for 2192 bytes...
[2025303489][INF][DECODE] Buffer ready
[2025303489][INF][DECODE] Sample ready, calling ProcessInput...
[2025303490][INF][DECODE] ProcessInput returned: 0x00000000
[2025303504][INF][DECODE] Creating buffer for 1922 bytes...
[2025303504][INF][DECODE] Buffer ready
[2025303505][INF][DECODE] Sample ready, calling ProcessInput...
[2025303505][INF][DECODE] ProcessInput returned: 0x00000000
[2025303522][INF][DECODE] Creating buffer for 2221 bytes...
[2025303522][INF][DECODE] Buffer ready
[2025303522][INF][DECODE] Sample ready, calling ProcessInput...
[2025303522][INF][DECODE] ProcessInput returned: 0x00000000
[2025303535][INF][DECODE] Creating buffer for 1910 bytes...
[2025303536][INF][DECODE] Buffer ready
[2025303536][INF][DECODE] Sample ready, calling ProcessInput...
[2025303536][INF][DECODE] ProcessInput returned: 0x00000000
[2025303551][INF][DECODE] Creating buffer for 1927 bytes...
[2025303551][INF][DECODE] Buffer ready
[2025303551][INF][DECODE] Sample ready, calling ProcessInput...
[2025303552][INF][DECODE] ProcessInput returned: 0x00000000
[2025303565][INF][DECODE] Creating buffer for 1894 bytes...
[2025303565][INF][DECODE] Buffer ready
[2025303565][INF][DECODE] Sample ready, calling ProcessInput...
[2025303565][INF][DECODE] ProcessInput returned: 0x00000000
[2025303579][INF][DECODE] Creating buffer for 1846 bytes...
[2025303579][INF][DECODE] Buffer ready
[2025303579][INF][DECODE] Sample ready, calling ProcessInput...
[2025303580][INF][DECODE] ProcessInput returned: 0x00000000
[2025303595][INF][DECODE] Creating buffer for 1868 bytes...
[2025303595][INF][DECODE] Buffer ready
[2025303595][INF][DECODE] Sample ready, calling ProcessInput...
[2025303595][INF][DECODE] ProcessInput returned: 0x00000000
[2025303607][INF][DECODE] Creating buffer for 3371 bytes...
[2025303607][INF][DECODE] Buffer ready
[2025303607][INF][DECODE] Sample ready, calling ProcessInput...
[2025303608][INF][DECODE] ProcessInput returned: 0x00000000
[2025303620][INF][DECODE] Creating buffer for 1877 bytes...
[2025303620][INF][DECODE] Buffer ready
[2025303620][INF][DECODE] Sample ready, calling ProcessInput...
[2025303621][INF][DECODE] ProcessInput returned: 0x00000000
[2025303637][INF][DECODE] Creating buffer for 3211 bytes...
[2025303637][INF][DECODE] Buffer ready
[2025303637][INF][DECODE] Sample ready, calling ProcessInput...
[2025303637][INF][DECODE] ProcessInput returned: 0x00000000
[2025303651][INF][DECODE] Creating buffer for 1889 bytes...
[2025303652][INF][DECODE] Buffer ready
[2025303652][INF][DECODE] Sample ready, calling ProcessInput...
[2025303652][INF][DECODE] ProcessInput returned: 0x00000000
[2025303667][INF][DECODE] Creating buffer for 3078 bytes...
[2025303667][INF][DECODE] Buffer ready
[2025303667][INF][DECODE] Sample ready, calling ProcessInput...
[2025303668][INF][DECODE] ProcessInput returned: 0x00000000
[2025303681][INF][DECODE] Creating buffer for 3243 bytes...
[2025303681][INF][DECODE] Buffer ready
[2025303681][INF][DECODE] Sample ready, calling ProcessInput...
[2025303681][INF][DECODE] ProcessInput returned: 0x00000000
[2025303694][INF][DECODE] Creating buffer for 2953 bytes...
[2025303694][INF][DECODE] Buffer ready
[2025303694][INF][DECODE] Sample ready, calling ProcessInput...
[2025303694][INF][DECODE] ProcessInput returned: 0x00000000
[2025303707][INF][DECODE] Creating buffer for 3135 bytes...
[2025303707][INF][DECODE] Buffer ready
[2025303707][INF][DECODE] Sample ready, calling ProcessInput...
[2025303707][INF][DECODE] ProcessInput returned: 0x00000000
[2025303722][INF][DECODE] Creating buffer for 1882 bytes...
[2025303722][INF][DECODE] Buffer ready
[2025303722][INF][DECODE] Sample ready, calling ProcessInput...
[2025303723][INF][DECODE] ProcessInput returned: 0x00000000
[2025303735][INF][DECODE] Creating buffer for 3048 bytes...
[2025303735][INF][DECODE] Buffer ready
[2025303735][INF][DECODE] Sample ready, calling ProcessInput...
[2025303735][INF][DECODE] ProcessInput returned: 0x00000000
[2025303748][INF][DECODE] Creating buffer for 1873 bytes...
[2025303748][INF][DECODE] Buffer ready
[2025303748][INF][DECODE] Sample ready, calling ProcessInput...
[2025303749][INF][DECODE] ProcessInput returned: 0x00000000
[2025303762][INF][DECODE] Creating buffer for 2826 bytes...
[2025303762][INF][DECODE] Buffer ready
[2025303762][INF][DECODE] Sample ready, calling ProcessInput...
[2025303763][INF][DECODE] ProcessInput returned: 0x00000000
[2025303775][INF][DECODE] Creating buffer for 3924 bytes...
[2025303775][INF][DECODE] Buffer ready
[2025303775][INF][DECODE] Sample ready, calling ProcessInput...
[2025303776][INF][DECODE] ProcessInput returned: 0x00000000
[2025303790][INF][DECODE] Creating buffer for 1861 bytes...
[2025303790][INF][DECODE] Buffer ready
[2025303790][INF][DECODE] Sample ready, calling ProcessInput...
[2025303790][INF][DECODE] ProcessInput returned: 0x00000000
[2025303803][INF][DECODE] Creating buffer for 4041 bytes...
[2025303803][INF][DECODE] Buffer ready
[2025303803][INF][DECODE] Sample ready, calling ProcessInput...
[2025303803][INF][DECODE] ProcessInput returned: 0x00000000
[2025303815][INF][DECODE] Creating buffer for 1873 bytes...
[2025303815][INF][DECODE] Buffer ready
[2025303815][INF][DECODE] Sample ready, calling ProcessInput...
[2025303815][INF][DECODE] ProcessInput returned: 0x00000000
[2025303829][INF][DECODE] Creating buffer for 3629 bytes...
[2025303829][INF][DECODE] Buffer ready
[2025303829][INF][DECODE] Sample ready, calling ProcessInput...
[2025303829][INF][DECODE] ProcessInput returned: 0x00000000
[2025303844][INF][DECODE] Creating buffer for 1886 bytes...
[2025303844][INF][DECODE] Buffer ready
[2025303844][INF][DECODE] Sample ready, calling ProcessInput...
[2025303844][INF][DECODE] ProcessInput returned: 0x00000000
[2025303857][INF][DECODE] Creating buffer for 5238 bytes...
[2025303857][INF][DECODE] Buffer ready
[2025303857][INF][DECODE] Sample ready, calling ProcessInput...
[2025303857][INF][DECODE] ProcessInput returned: 0x00000000
[2025303870][INF][DECODE] Creating buffer for 1893 bytes...
[2025303870][INF][DECODE] Buffer ready
[2025303870][INF][DECODE] Sample ready, calling ProcessInput...
[2025303871][INF][DECODE] ProcessInput returned: 0x00000000
[2025303887][INF][DECODE] Creating buffer for 4255 bytes...
[2025303887][INF][DECODE] Buffer ready
[2025303887][INF][DECODE] Sample ready, calling ProcessInput...
[2025303887][INF][DECODE] ProcessInput returned: 0x00000000
[2025303899][INF][DECODE] Creating buffer for 1953 bytes...
[2025303899][INF][DECODE] Buffer ready
[2025303899][INF][DECODE] Sample ready, calling ProcessInput...
[2025303899][INF][DECODE] ProcessInput returned: 0x00000000
[2025303912][INF][DECODE] Creating buffer for 4121 bytes...
[2025303912][INF][DECODE] Buffer ready
[2025303912][INF][DECODE] Sample ready, calling ProcessInput...
[2025303913][INF][DECODE] ProcessInput returned: 0x00000000
[2025303930][INF][DECODE] Creating buffer for 3828 bytes...
[2025303930][INF][DECODE] Buffer ready
[2025303930][INF][DECODE] Sample ready, calling ProcessInput...
[2025303930][INF][DECODE] ProcessInput returned: 0x00000000
[2025303943][INF][DECODE] Creating buffer for 3525 bytes...
[2025303943][INF][DECODE] Buffer ready
[2025303943][INF][DECODE] Sample ready, calling ProcessInput...
[2025303944][INF][DECODE] ProcessInput returned: 0x00000000
[2025303957][INF][DECODE] Creating buffer for 4142 bytes...
[2025303957][INF][DECODE] Buffer ready
[2025303957][INF][DECODE] Sample ready, calling ProcessInput...
[2025303957][INF][DECODE] ProcessInput returned: 0x00000000
[2025303970][INF][DECODE] Creating buffer for 1882 bytes...
[2025303970][INF][DECODE] Buffer ready
[2025303970][INF][DECODE] Sample ready, calling ProcessInput...
[2025303970][INF][DECODE] ProcessInput returned: 0x00000000
[2025303971][INF][VIEW] Decoded: 600, FPS: 63.3
[2025303995][INF][DECODE] Creating buffer for 933908 bytes...
[2025303995][INF][DECODE] Buffer ready
[2025303995][INF][DECODE] Sample ready, calling ProcessInput...
[2025303996][INF][DECODE] ProcessInput returned: 0x00000000
[2025304002][INF][DECODE] Creating buffer for 3988 bytes...
[2025304002][INF][DECODE] Buffer ready
[2025304002][INF][DECODE] Sample ready, calling ProcessInput...
[2025304002][INF][DECODE] ProcessInput returned: 0x00000000
[2025304019][INF][DECODE] Creating buffer for 4002 bytes...
[2025304019][INF][DECODE] Buffer ready
[2025304019][INF][DECODE] Sample ready, calling ProcessInput...
[2025304020][INF][DECODE] ProcessInput returned: 0x00000000
[2025304033][INF][DECODE] Creating buffer for 7248 bytes...
[2025304033][INF][DECODE] Buffer ready
[2025304033][INF][DECODE] Sample ready, calling ProcessInput...
[2025304033][INF][DECODE] ProcessInput returned: 0x00000000
[2025304046][INF][DECODE] Creating buffer for 4168 bytes...
[2025304046][INF][DECODE] Buffer ready
[2025304046][INF][DECODE] Sample ready, calling ProcessInput...
[2025304046][INF][DECODE] ProcessInput returned: 0x00000000
[2025304059][INF][DECODE] Creating buffer for 2234 bytes...
[2025304059][INF][DECODE] Buffer ready
[2025304059][INF][DECODE] Sample ready, calling ProcessInput...
[2025304059][INF][DECODE] ProcessInput returned: 0x00000000
[2025304074][INF][DECODE] Creating buffer for 4268 bytes...
[2025304074][INF][DECODE] Buffer ready
[2025304074][INF][DECODE] Sample ready, calling ProcessInput...
[2025304074][INF][DECODE] ProcessInput returned: 0x00000000
[2025304093][INF][DECODE] Creating buffer for 2214 bytes...
[2025304093][INF][DECODE] Buffer ready
[2025304093][INF][DECODE] Sample ready, calling ProcessInput...
[2025304093][INF][DECODE] ProcessInput returned: 0x00000000
[2025304111][INF][DECODE] Creating buffer for 4665 bytes...
[2025304111][INF][DECODE] Buffer ready
[2025304111][INF][DECODE] Sample ready, calling ProcessInput...
[2025304111][INF][DECODE] ProcessInput returned: 0x00000000
[2025304123][INF][DECODE] Creating buffer for 2166 bytes...
[2025304123][INF][DECODE] Buffer ready
[2025304124][INF][DECODE] Sample ready, calling ProcessInput...
[2025304124][INF][DECODE] ProcessInput returned: 0x00000000
[2025304137][INF][DECODE] Creating buffer for 2139 bytes...
[2025304137][INF][DECODE] Buffer ready
[2025304137][INF][DECODE] Sample ready, calling ProcessInput...
[2025304138][INF][DECODE] ProcessInput returned: 0x00000000
[2025304153][INF][DECODE] Creating buffer for 2144 bytes...
[2025304153][INF][DECODE] Buffer ready
[2025304153][INF][DECODE] Sample ready, calling ProcessInput...
[2025304153][INF][DECODE] ProcessInput returned: 0x00000000
[2025304171][INF][DECODE] Creating buffer for 2036 bytes...
[2025304171][INF][DECODE] Buffer ready
[2025304171][INF][DECODE] Sample ready, calling ProcessInput...
[2025304171][INF][DECODE] ProcessInput returned: 0x00000000
[2025304184][INF][DECODE] Creating buffer for 2047 bytes...
[2025304184][INF][DECODE] Buffer ready
[2025304184][INF][DECODE] Sample ready, calling ProcessInput...
[2025304184][INF][DECODE] ProcessInput returned: 0x00000000
[2025304201][INF][DECODE] Creating buffer for 1989 bytes...
[2025304201][INF][DECODE] Buffer ready
[2025304201][INF][DECODE] Sample ready, calling ProcessInput...
[2025304201][INF][DECODE] ProcessInput returned: 0x00000000
[2025304215][INF][DECODE] Creating buffer for 3265 bytes...
[2025304215][INF][DECODE] Buffer ready
[2025304215][INF][DECODE] Sample ready, calling ProcessInput...
[2025304215][INF][DECODE] ProcessInput returned: 0x00000000
[2025304228][INF][DECODE] Creating buffer for 1969 bytes...
[2025304228][INF][DECODE] Buffer ready
[2025304228][INF][DECODE] Sample ready, calling ProcessInput...
[2025304228][INF][DECODE] ProcessInput returned: 0x00000000
[2025304241][INF][DECODE] Creating buffer for 3400 bytes...
[2025304241][INF][DECODE] Buffer ready
[2025304241][INF][DECODE] Sample ready, calling ProcessInput...
[2025304241][INF][DECODE] ProcessInput returned: 0x00000000
[2025304253][INF][DECODE] Creating buffer for 2000 bytes...
[2025304253][INF][DECODE] Buffer ready
[2025304253][INF][DECODE] Sample ready, calling ProcessInput...
[2025304254][INF][DECODE] ProcessInput returned: 0x00000000
[2025304269][INF][DECODE] Creating buffer for 3522 bytes...
[2025304269][INF][DECODE] Buffer ready
[2025304269][INF][DECODE] Sample ready, calling ProcessInput...
[2025304269][INF][DECODE] ProcessInput returned: 0x00000000
[2025304282][INF][DECODE] Creating buffer for 1942 bytes...
[2025304282][INF][DECODE] Buffer ready
[2025304282][INF][DECODE] Sample ready, calling ProcessInput...
[2025304283][INF][DECODE] ProcessInput returned: 0x00000000
[2025304296][INF][DECODE] Creating buffer for 3674 bytes...
[2025304296][INF][DECODE] Buffer ready
[2025304296][INF][DECODE] Sample ready, calling ProcessInput...
[2025304297][INF][DECODE] ProcessInput returned: 0x00000000
[2025304311][INF][DECODE] Creating buffer for 2247 bytes...
[2025304311][INF][DECODE] Buffer ready
[2025304311][INF][DECODE] Sample ready, calling ProcessInput...
[2025304311][INF][DECODE] ProcessInput returned: 0x00000000
[2025304324][INF][DECODE] Creating buffer for 1932 bytes...
[2025304324][INF][DECODE] Buffer ready
[2025304324][INF][DECODE] Sample ready, calling ProcessInput...
[2025304324][INF][DECODE] ProcessInput returned: 0x00000000
[2025304336][INF][DECODE] Creating buffer for 2255 bytes...
[2025304336][INF][DECODE] Buffer ready
[2025304336][INF][DECODE] Sample ready, calling ProcessInput...
[2025304337][INF][DECODE] ProcessInput returned: 0x00000000
[2025304353][INF][DECODE] Creating buffer for 1857 bytes...
[2025304353][INF][DECODE] Buffer ready
[2025304353][INF][DECODE] Sample ready, calling ProcessInput...
[2025304354][INF][DECODE] ProcessInput returned: 0x00000000
[2025304372][INF][DECODE] Creating buffer for 2316 bytes...
[2025304372][INF][DECODE] Buffer ready
[2025304372][INF][DECODE] Sample ready, calling ProcessInput...
[2025304372][INF][DECODE] ProcessInput returned: 0x00000000
[2025304389][INF][DECODE] Creating buffer for 1862 bytes...
[2025304389][INF][DECODE] Buffer ready
[2025304389][INF][DECODE] Sample ready, calling ProcessInput...
[2025304389][INF][DECODE] ProcessInput returned: 0x00000000
[2025304401][INF][DECODE] Creating buffer for 2277 bytes...
[2025304401][INF][DECODE] Buffer ready
[2025304401][INF][DECODE] Sample ready, calling ProcessInput...
[2025304401][INF][DECODE] ProcessInput returned: 0x00000000
[2025304415][INF][DECODE] Creating buffer for 1823 bytes...
[2025304415][INF][DECODE] Buffer ready
[2025304415][INF][DECODE] Sample ready, calling ProcessInput...
[2025304415][INF][DECODE] ProcessInput returned: 0x00000000
[2025304428][INF][DECODE] Creating buffer for 1829 bytes...
[2025304428][INF][DECODE] Buffer ready
[2025304428][INF][DECODE] Sample ready, calling ProcessInput...
[2025304428][INF][DECODE] ProcessInput returned: 0x00000000
[2025304441][INF][DECODE] Creating buffer for 1827 bytes...
[2025304441][INF][DECODE] Buffer ready
[2025304441][INF][DECODE] Sample ready, calling ProcessInput...
[2025304441][INF][DECODE] ProcessInput returned: 0x00000000
[2025304454][INF][DECODE] Creating buffer for 1817 bytes...
[2025304454][INF][DECODE] Buffer ready
[2025304454][INF][DECODE] Sample ready, calling ProcessInput...
[2025304454][INF][DECODE] ProcessInput returned: 0x00000000
[2025304467][INF][DECODE] Creating buffer for 1833 bytes...
[2025304467][INF][DECODE] Buffer ready
[2025304467][INF][DECODE] Sample ready, calling ProcessInput...
[2025304467][INF][DECODE] ProcessInput returned: 0x00000000
[2025304481][INF][DECODE] Creating buffer for 1814 bytes...
[2025304481][INF][DECODE] Buffer ready
[2025304481][INF][DECODE] Sample ready, calling ProcessInput...
[2025304481][INF][DECODE] ProcessInput returned: 0x00000000
[2025304493][INF][DECODE] Creating buffer for 1843 bytes...
[2025304493][INF][DECODE] Buffer ready
[2025304493][INF][DECODE] Sample ready, calling ProcessInput...
[2025304494][INF][DECODE] ProcessInput returned: 0x00000000
[2025304511][INF][DECODE] Creating buffer for 1843 bytes...
[2025304511][INF][DECODE] Buffer ready
[2025304511][INF][DECODE] Sample ready, calling ProcessInput...
[2025304511][INF][DECODE] ProcessInput returned: 0x00000000
[2025304524][INF][DECODE] Creating buffer for 1852 bytes...
[2025304524][INF][DECODE] Buffer ready
[2025304524][INF][DECODE] Sample ready, calling ProcessInput...
[2025304524][INF][DECODE] ProcessInput returned: 0x00000000
[2025304540][INF][DECODE] Creating buffer for 1826 bytes...
[2025304540][INF][DECODE] Buffer ready
[2025304540][INF][DECODE] Sample ready, calling ProcessInput...
[2025304540][INF][DECODE] ProcessInput returned: 0x00000000
[2025304552][INF][DECODE] Creating buffer for 3155 bytes...
[2025304552][INF][DECODE] Buffer ready
[2025304552][INF][DECODE] Sample ready, calling ProcessInput...
[2025304553][INF][DECODE] ProcessInput returned: 0x00000000
[2025304565][INF][DECODE] Creating buffer for 1841 bytes...
[2025304565][INF][DECODE] Buffer ready
[2025304565][INF][DECODE] Sample ready, calling ProcessInput...
[2025304565][INF][DECODE] ProcessInput returned: 0x00000000
[2025304578][INF][DECODE] Creating buffer for 3146 bytes...
[2025304578][INF][DECODE] Buffer ready
[2025304578][INF][DECODE] Sample ready, calling ProcessInput...
[2025304578][INF][DECODE] ProcessInput returned: 0x00000000
[2025304590][INF][DECODE] Creating buffer for 1823 bytes...
[2025304590][INF][DECODE] Buffer ready
[2025304590][INF][DECODE] Sample ready, calling ProcessInput...
[2025304591][INF][DECODE] ProcessInput returned: 0x00000000
[2025304603][INF][DECODE] Creating buffer for 3244 bytes...
[2025304604][INF][DECODE] Buffer ready
[2025304604][INF][DECODE] Sample ready, calling ProcessInput...
[2025304604][INF][DECODE] ProcessInput returned: 0x00000000
[2025304616][INF][DECODE] Creating buffer for 1813 bytes...
[2025304616][INF][DECODE] Buffer ready
[2025304617][INF][DECODE] Sample ready, calling ProcessInput...
[2025304617][INF][DECODE] ProcessInput returned: 0x00000000
[2025304629][INF][DECODE] Creating buffer for 3453 bytes...
[2025304629][INF][DECODE] Buffer ready
[2025304629][INF][DECODE] Sample ready, calling ProcessInput...
[2025304629][INF][DECODE] ProcessInput returned: 0x00000000
[2025304645][INF][DECODE] Creating buffer for 3449 bytes...
[2025304645][INF][DECODE] Buffer ready
[2025304645][INF][DECODE] Sample ready, calling ProcessInput...
[2025304645][INF][DECODE] ProcessInput returned: 0x00000000
[2025304657][INF][DECODE] Creating buffer for 1823 bytes...
[2025304657][INF][DECODE] Buffer ready
[2025304657][INF][DECODE] Sample ready, calling ProcessInput...
[2025304658][INF][DECODE] ProcessInput returned: 0x00000000
[2025304670][INF][DECODE] Creating buffer for 3625 bytes...
[2025304670][INF][DECODE] Buffer ready
[2025304670][INF][DECODE] Sample ready, calling ProcessInput...
[2025304671][INF][DECODE] ProcessInput returned: 0x00000000
[2025304687][INF][DECODE] Creating buffer for 1849 bytes...
[2025304688][INF][DECODE] Buffer ready
[2025304688][INF][DECODE] Sample ready, calling ProcessInput...
[2025304688][INF][DECODE] ProcessInput returned: 0x00000000
[2025304701][INF][DECODE] Creating buffer for 3774 bytes...
[2025304701][INF][DECODE] Buffer ready
[2025304701][INF][DECODE] Sample ready, calling ProcessInput...
[2025304701][INF][DECODE] ProcessInput returned: 0x00000000
[2025304714][INF][DECODE] Creating buffer for 3445 bytes...
[2025304714][INF][DECODE] Buffer ready
[2025304714][INF][DECODE] Sample ready, calling ProcessInput...
[2025304714][INF][DECODE] ProcessInput returned: 0x00000000
[2025304727][INF][DECODE] Creating buffer for 4206 bytes...
[2025304727][INF][DECODE] Buffer ready
[2025304727][INF][DECODE] Sample ready, calling ProcessInput...
[2025304727][INF][DECODE] ProcessInput returned: 0x00000000
[2025304740][INF][DECODE] Creating buffer for 3758 bytes...
[2025304740][INF][DECODE] Buffer ready
[2025304740][INF][DECODE] Sample ready, calling ProcessInput...
[2025304740][INF][DECODE] ProcessInput returned: 0x00000000
[2025304754][INF][DECODE] Creating buffer for 1905 bytes...
[2025304754][INF][DECODE] Buffer ready
[2025304754][INF][DECODE] Sample ready, calling ProcessInput...
[2025304755][INF][DECODE] ProcessInput returned: 0x00000000
[2025304772][INF][DECODE] Creating buffer for 4097 bytes...
[2025304772][INF][DECODE] Buffer ready
[2025304772][INF][DECODE] Sample ready, calling ProcessInput...
[2025304772][INF][DECODE] ProcessInput returned: 0x00000000
[2025304789][INF][DECODE] Creating buffer for 1865 bytes...
[2025304789][INF][DECODE] Buffer ready
[2025304789][INF][DECODE] Sample ready, calling ProcessInput...
[2025304789][INF][DECODE] ProcessInput returned: 0x00000000
[2025304802][INF][DECODE] Creating buffer for 6362 bytes...
[2025304802][INF][DECODE] Buffer ready
[2025304802][INF][DECODE] Sample ready, calling ProcessInput...
[2025304802][INF][DECODE] ProcessInput returned: 0x00000000
[2025304815][INF][DECODE] Creating buffer for 1873 bytes...
[2025304815][INF][DECODE] Buffer ready
[2025304815][INF][DECODE] Sample ready, calling ProcessInput...
[2025304815][INF][DECODE] ProcessInput returned: 0x00000000
[2025304827][INF][DECODE] Creating buffer for 4327 bytes...
[2025304827][INF][DECODE] Buffer ready
[2025304827][INF][DECODE] Sample ready, calling ProcessInput...
[2025304828][INF][DECODE] ProcessInput returned: 0x00000000
[2025304828][INF][VIEW] Decoded: 660, FPS: 63.8
[2025304851][INF][DECODE] Creating buffer for 933908 bytes...
[2025304852][INF][DECODE] Buffer ready
[2025304852][INF][DECODE] Sample ready, calling ProcessInput...
[2025304853][INF][DECODE] ProcessInput returned: 0x00000000
[2025304858][INF][DECODE] Creating buffer for 6461 bytes...
[2025304858][INF][DECODE] Buffer ready
[2025304858][INF][DECODE] Sample ready, calling ProcessInput...
[2025304858][INF][DECODE] ProcessInput returned: 0x00000000
[2025304880][INF][DECODE] Creating buffer for 4406 bytes...
[2025304880][INF][DECODE] Buffer ready
[2025304880][INF][DECODE] Sample ready, calling ProcessInput...
[2025304880][INF][DECODE] ProcessInput returned: 0x00000000
[2025304901][INF][DECODE] Creating buffer for 61175 bytes...
[2025304901][INF][DECODE] Buffer ready
[2025304901][INF][DECODE] Sample ready, calling ProcessInput...
[2025304901][INF][DECODE] ProcessInput returned: 0x00000000
[2025304918][INF][DECODE] Creating buffer for 15191 bytes...
[2025304919][INF][DECODE] Buffer ready
[2025304919][INF][DECODE] Sample ready, calling ProcessInput...
[2025304919][INF][DECODE] ProcessInput returned: 0x00000000
[2025304945][INF][DECODE] Creating buffer for 23654 bytes...
[2025304945][INF][DECODE] Buffer ready
[2025304945][INF][DECODE] Sample ready, calling ProcessInput...
[2025304945][INF][DECODE] ProcessInput returned: 0x00000000
[2025304956][INF][DECODE] Creating buffer for 119831 bytes...
[2025304956][INF][DECODE] Buffer ready
[2025304956][INF][DECODE] Sample ready, calling ProcessInput...
[2025304956][INF][DECODE] ProcessInput returned: 0x00000000
[2025304975][INF][DECODE] Creating buffer for 91690 bytes...
[2025304975][INF][DECODE] Buffer ready
[2025304975][INF][DECODE] Sample ready, calling ProcessInput...
[2025304975][INF][DECODE] ProcessInput returned: 0x00000000
[2025304990][INF][DECODE] Creating buffer for 46272 bytes...
[2025304990][INF][DECODE] Buffer ready
[2025304990][INF][DECODE] Sample ready, calling ProcessInput...
[2025304990][INF][DECODE] ProcessInput returned: 0x00000000
[2025305003][INF][DECODE] Creating buffer for 42207 bytes...
[2025305003][INF][DECODE] Buffer ready
[2025305003][INF][DECODE] Sample ready, calling ProcessInput...
[2025305003][INF][DECODE] ProcessInput returned: 0x00000000
[2025305023][INF][DECODE] Creating buffer for 52530 bytes...
[2025305023][INF][DECODE] Buffer ready
[2025305024][INF][DECODE] Sample ready, calling ProcessInput...
[2025305024][INF][DECODE] ProcessInput returned: 0x00000000
[2025305038][INF][DECODE] Creating buffer for 19740 bytes...
[2025305038][INF][DECODE] Buffer ready
[2025305038][INF][DECODE] Sample ready, calling ProcessInput...
[2025305038][INF][DECODE] ProcessInput returned: 0x00000000
[2025305066][INF][DECODE] Creating buffer for 44453 bytes...
[2025305066][INF][DECODE] Buffer ready
[2025305066][INF][DECODE] Sample ready, calling ProcessInput...
[2025305066][INF][DECODE] ProcessInput returned: 0x00000000
[2025305070][INF][DECODE] Creating buffer for 61927 bytes...
[2025305070][INF][DECODE] Buffer ready
[2025305070][INF][DECODE] Sample ready, calling ProcessInput...
[2025305070][INF][DECODE] ProcessInput returned: 0x00000000
[2025305093][INF][DECODE] Creating buffer for 7703 bytes...
[2025305093][INF][DECODE] Buffer ready
[2025305093][INF][DECODE] Sample ready, calling ProcessInput...
[2025305093][INF][DECODE] ProcessInput returned: 0x00000000
[2025305116][INF][DECODE] Creating buffer for 44708 bytes...
[2025305116][INF][DECODE] Buffer ready
[2025305116][INF][DECODE] Sample ready, calling ProcessInput...
[2025305116][INF][DECODE] ProcessInput returned: 0x00000000
[2025305138][INF][DECODE] Creating buffer for 27723 bytes...
[2025305138][INF][DECODE] Buffer ready
[2025305138][INF][DECODE] Sample ready, calling ProcessInput...
[2025305139][INF][DECODE] ProcessInput returned: 0x00000000
[2025305156][INF][DECODE] Creating buffer for 17414 bytes...
[2025305156][INF][DECODE] Buffer ready
[2025305156][INF][DECODE] Sample ready, calling ProcessInput...
[2025305157][INF][DECODE] ProcessInput returned: 0x00000000
[2025305171][INF][DECODE] Creating buffer for 42179 bytes...
[2025305171][INF][DECODE] Buffer ready
[2025305171][INF][DECODE] Sample ready, calling ProcessInput...
[2025305171][INF][DECODE] ProcessInput returned: 0x00000000
[2025305193][INF][DECODE] Creating buffer for 50877 bytes...
[2025305193][INF][DECODE] Buffer ready
[2025305193][INF][DECODE] Sample ready, calling ProcessInput...
[2025305193][INF][DECODE] ProcessInput returned: 0x00000000
[2025305204][INF][DECODE] Creating buffer for 38135 bytes...
[2025305204][INF][DECODE] Buffer ready
[2025305204][INF][DECODE] Sample ready, calling ProcessInput...
[2025305204][INF][DECODE] ProcessInput returned: 0x00000000
[2025305223][INF][DECODE] Creating buffer for 5841 bytes...
[2025305223][INF][DECODE] Buffer ready
[2025305223][INF][DECODE] Sample ready, calling ProcessInput...
[2025305223][INF][DECODE] ProcessInput returned: 0x00000000
[2025305237][INF][DECODE] Creating buffer for 14568 bytes...
[2025305237][INF][DECODE] Buffer ready
[2025305238][INF][DECODE] Sample ready, calling ProcessInput...
[2025305238][INF][DECODE] ProcessInput returned: 0x00000000
[2025305252][INF][DECODE] Creating buffer for 10921 bytes...
[2025305252][INF][DECODE] Buffer ready
[2025305252][INF][DECODE] Sample ready, calling ProcessInput...
[2025305252][INF][DECODE] ProcessInput returned: 0x00000000
[2025305273][INF][DECODE] Creating buffer for 61509 bytes...
[2025305273][INF][DECODE] Buffer ready
[2025305273][INF][DECODE] Sample ready, calling ProcessInput...
[2025305273][INF][DECODE] ProcessInput returned: 0x00000000
[2025305286][INF][DECODE] Creating buffer for 51493 bytes...
[2025305286][INF][DECODE] Buffer ready
[2025305287][INF][DECODE] Sample ready, calling ProcessInput...
[2025305287][INF][DECODE] ProcessInput returned: 0x00000000
[2025305304][INF][DECODE] Creating buffer for 16351 bytes...
[2025305304][INF][DECODE] Buffer ready
[2025305304][INF][DECODE] Sample ready, calling ProcessInput...
[2025305304][INF][DECODE] ProcessInput returned: 0x00000000
[2025305321][INF][DECODE] Creating buffer for 14769 bytes...
[2025305321][INF][DECODE] Buffer ready
[2025305321][INF][DECODE] Sample ready, calling ProcessInput...
[2025305321][INF][DECODE] ProcessInput returned: 0x00000000
[2025305340][INF][DECODE] Creating buffer for 34098 bytes...
[2025305340][INF][DECODE] Buffer ready
[2025305340][INF][DECODE] Sample ready, calling ProcessInput...
[2025305341][INF][DECODE] ProcessInput returned: 0x00000000
[2025305354][INF][DECODE] Creating buffer for 31768 bytes...
[2025305354][INF][DECODE] Buffer ready
[2025305354][INF][DECODE] Sample ready, calling ProcessInput...
[2025305354][INF][DECODE] ProcessInput returned: 0x00000000
[2025305373][INF][DECODE] Creating buffer for 21537 bytes...
[2025305373][INF][DECODE] Buffer ready
[2025305373][INF][DECODE] Sample ready, calling ProcessInput...
[2025305373][INF][DECODE] ProcessInput returned: 0x00000000
[2025305387][INF][DECODE] Creating buffer for 9847 bytes...
[2025305387][INF][DECODE] Buffer ready
[2025305387][INF][DECODE] Sample ready, calling ProcessInput...
[2025305387][INF][DECODE] ProcessInput returned: 0x00000000
[2025305400][INF][DECODE] Creating buffer for 8239 bytes...
[2025305400][INF][DECODE] Buffer ready
[2025305400][INF][DECODE] Sample ready, calling ProcessInput...
[2025305400][INF][DECODE] ProcessInput returned: 0x00000000
[2025305412][INF][DECODE] Creating buffer for 19325 bytes...
[2025305412][INF][DECODE] Buffer ready
[2025305412][INF][DECODE] Sample ready, calling ProcessInput...
[2025305413][INF][DECODE] ProcessInput returned: 0x00000000
[2025305428][INF][DECODE] Creating buffer for 4282 bytes...
[2025305428][INF][DECODE] Buffer ready
[2025305428][INF][DECODE] Sample ready, calling ProcessInput...
[2025305428][INF][DECODE] ProcessInput returned: 0x00000000
[2025305440][INF][DECODE] Creating buffer for 25229 bytes...
[2025305440][INF][DECODE] Buffer ready
[2025305441][INF][DECODE] Sample ready, calling ProcessInput...
[2025305441][INF][DECODE] ProcessInput returned: 0x00000000
[2025305454][INF][DECODE] Creating buffer for 1810 bytes...
[2025305454][INF][DECODE] Buffer ready
[2025305454][INF][DECODE] Sample ready, calling ProcessInput...
[2025305454][INF][DECODE] ProcessInput returned: 0x00000000
[2025305468][INF][DECODE] Creating buffer for 19961 bytes...
[2025305468][INF][DECODE] Buffer ready
[2025305468][INF][DECODE] Sample ready, calling ProcessInput...
[2025305468][INF][DECODE] ProcessInput returned: 0x00000000
[2025305483][INF][DECODE] Creating buffer for 8994 bytes...
[2025305483][INF][DECODE] Buffer ready
[2025305483][INF][DECODE] Sample ready, calling ProcessInput...
[2025305483][INF][DECODE] ProcessInput returned: 0x00000000
[2025305495][INF][DECODE] Creating buffer for 23230 bytes...
[2025305495][INF][DECODE] Buffer ready
[2025305495][INF][DECODE] Sample ready, calling ProcessInput...
[2025305496][INF][DECODE] ProcessInput returned: 0x00000000
[2025305510][INF][DECODE] Creating buffer for 12094 bytes...
[2025305510][INF][DECODE] Buffer ready
[2025305510][INF][DECODE] Sample ready, calling ProcessInput...
[2025305510][INF][DECODE] ProcessInput returned: 0x00000000
[2025305522][INF][DECODE] Creating buffer for 10439 bytes...
[2025305522][INF][DECODE] Buffer ready
[2025305522][INF][DECODE] Sample ready, calling ProcessInput...
[2025305523][INF][DECODE] ProcessInput returned: 0x00000000
[2025305535][INF][DECODE] Creating buffer for 9161 bytes...
[2025305535][INF][DECODE] Buffer ready
[2025305535][INF][DECODE] Sample ready, calling ProcessInput...
[2025305535][INF][DECODE] ProcessInput returned: 0x00000000
[2025305547][INF][DECODE] Creating buffer for 7549 bytes...
[2025305547][INF][DECODE] Buffer ready
[2025305547][INF][DECODE] Sample ready, calling ProcessInput...
[2025305548][INF][DECODE] ProcessInput returned: 0x00000000
[2025305560][INF][DECODE] Creating buffer for 7403 bytes...
[2025305560][INF][DECODE] Buffer ready
[2025305560][INF][DECODE] Sample ready, calling ProcessInput...
[2025305561][INF][DECODE] ProcessInput returned: 0x00000000
[2025305573][INF][DECODE] Creating buffer for 6503 bytes...
[2025305573][INF][DECODE] Buffer ready
[2025305573][INF][DECODE] Sample ready, calling ProcessInput...
[2025305573][INF][DECODE] ProcessInput returned: 0x00000000
[2025305589][INF][DECODE] Creating buffer for 6858 bytes...
[2025305589][INF][DECODE] Buffer ready
[2025305589][INF][DECODE] Sample ready, calling ProcessInput...
[2025305589][INF][DECODE] ProcessInput returned: 0x00000000
[2025305602][INF][DECODE] Creating buffer for 7631 bytes...
[2025305602][INF][DECODE] Buffer ready
[2025305602][INF][DECODE] Sample ready, calling ProcessInput...
[2025305602][INF][DECODE] ProcessInput returned: 0x00000000
[2025305616][INF][DECODE] Creating buffer for 5902 bytes...
[2025305616][INF][DECODE] Buffer ready
[2025305616][INF][DECODE] Sample ready, calling ProcessInput...
[2025305616][INF][DECODE] ProcessInput returned: 0x00000000
[2025305630][INF][DECODE] Creating buffer for 7827 bytes...
[2025305630][INF][DECODE] Buffer ready
[2025305630][INF][DECODE] Sample ready, calling ProcessInput...
[2025305630][INF][DECODE] ProcessInput returned: 0x00000000
[2025305643][INF][DECODE] Creating buffer for 5878 bytes...
[2025305643][INF][DECODE] Buffer ready
[2025305643][INF][DECODE] Sample ready, calling ProcessInput...
[2025305643][INF][DECODE] ProcessInput returned: 0x00000000
[2025305657][INF][DECODE] Creating buffer for 7826 bytes...
[2025305657][INF][DECODE] Buffer ready
[2025305657][INF][DECODE] Sample ready, calling ProcessInput...
[2025305658][INF][DECODE] ProcessInput returned: 0x00000000
[2025305674][INF][DECODE] Creating buffer for 5864 bytes...
[2025305674][INF][DECODE] Buffer ready
[2025305675][INF][DECODE] Sample ready, calling ProcessInput...
[2025305675][INF][DECODE] ProcessInput returned: 0x00000000
[2025305692][INF][DECODE] Creating buffer for 7663 bytes...
[2025305692][INF][DECODE] Buffer ready
[2025305692][INF][DECODE] Sample ready, calling ProcessInput...
[2025305693][INF][DECODE] ProcessInput returned: 0x00000000
[2025305714][INF][DECODE] Creating buffer for 17444 bytes...
[2025305714][INF][DECODE] Buffer ready
[2025305714][INF][DECODE] Sample ready, calling ProcessInput...
[2025305715][INF][DECODE] ProcessInput returned: 0x00000000
[2025305729][INF][DECODE] Creating buffer for 31206 bytes...
[2025305729][INF][DECODE] Buffer ready
[2025305729][INF][DECODE] Sample ready, calling ProcessInput...
[2025305729][INF][DECODE] ProcessInput returned: 0x00000000
[2025305749][INF][DECODE] Creating buffer for 133868 bytes...
[2025305749][INF][DECODE] Buffer ready
[2025305749][INF][DECODE] Sample ready, calling ProcessInput...
[2025305750][INF][DECODE] ProcessInput returned: 0x00000000
[2025305782][INF][DECODE] Creating buffer for 83044 bytes...
[2025305782][INF][DECODE] Buffer ready
[2025305782][INF][DECODE] Sample ready, calling ProcessInput...
[2025305782][INF][DECODE] ProcessInput returned: 0x00000000
[2025305782][INF][DECODE] Creating buffer for 117567 bytes...
[2025305782][INF][DECODE] Buffer ready
[2025305782][INF][DECODE] Sample ready, calling ProcessInput...
[2025305783][INF][DECODE] ProcessInput returned: 0x00000000
[2025305792][INF][DECODE] Creating buffer for 20439 bytes...
[2025305792][INF][DECODE] Buffer ready
[2025305792][INF][DECODE] Sample ready, calling ProcessInput...
[2025305793][INF][DECODE] ProcessInput returned: 0x00000000
[2025305793][INF][VIEW] Decoded: 720, FPS: 63.7
[2025305811][INF][DECODE] Creating buffer for 414556 bytes...
[2025305811][INF][DECODE] Buffer ready
[2025305811][INF][DECODE] Sample ready, calling ProcessInput...
[2025305812][INF][DECODE] ProcessInput returned: 0x00000000
[2025305849][INF][DECODE] Creating buffer for 90447 bytes...
[2025305849][INF][DECODE] Buffer ready
[2025305849][INF][DECODE] Sample ready, calling ProcessInput...
[2025305849][INF][DECODE] ProcessInput returned: 0x00000000
[2025305849][INF][DECODE] Creating buffer for 130381 bytes...
[2025305849][INF][DECODE] Buffer ready
[2025305849][INF][DECODE] Sample ready, calling ProcessInput...
[2025305850][INF][DECODE] ProcessInput returned: 0x00000000
[2025305903][INF][DECODE] Creating buffer for 1807 bytes...
[2025305903][INF][DECODE] Buffer ready
[2025305903][INF][DECODE] Sample ready, calling ProcessInput...
[2025305903][INF][DECODE] ProcessInput returned: 0x00000000
[2025305903][INF][DECODE] Creating buffer for 2555 bytes...
[2025305903][INF][DECODE] Buffer ready
[2025305903][INF][DECODE] Sample ready, calling ProcessInput...
[2025305903][INF][DECODE] ProcessInput returned: 0x00000000
[2025305903][INF][DECODE] Creating buffer for 88976 bytes...
[2025305903][INF][DECODE] Buffer ready
[2025305903][INF][DECODE] Sample ready, calling ProcessInput...
[2025305903][INF][DECODE] ProcessInput returned: 0x00000000
[2025305972][INF][DECODE] Creating buffer for 12507 bytes...
[2025305972][INF][DECODE] Buffer ready
[2025305972][INF][DECODE] Sample ready, calling ProcessInput...
[2025305973][INF][DECODE] ProcessInput returned: 0x00000000
[2025305973][INF][DECODE] Creating buffer for 20296 bytes...
[2025305973][INF][DECODE] Buffer ready
[2025305973][INF][DECODE] Sample ready, calling ProcessInput...
[2025305973][INF][DECODE] ProcessInput returned: 0x00000000
[2025306045][INF][DECODE] Creating buffer for 96126 bytes...
[2025306045][INF][DECODE] Buffer ready
[2025306045][INF][DECODE] Sample ready, calling ProcessInput...
[2025306045][INF][DECODE] ProcessInput returned: 0x00000000
[2025306082][INF][DECODE] Creating buffer for 114752 bytes...
[2025306082][INF][DECODE] Buffer ready
[2025306082][INF][DECODE] Sample ready, calling ProcessInput...
[2025306082][INF][DECODE] ProcessInput returned: 0x00000000
[2025306110][INF][DECODE] Creating buffer for 2686 bytes...
[2025306110][INF][DECODE] Buffer ready
[2025306110][INF][DECODE] Sample ready, calling ProcessInput...
[2025306111][INF][DECODE] ProcessInput returned: 0x00000000
[2025306117][INF][DECODE] Creating buffer for 2977 bytes...
[2025306117][INF][DECODE] Buffer ready
[2025306117][INF][DECODE] Sample ready, calling ProcessInput...
[2025306117][INF][DECODE] ProcessInput returned: 0x00000000
[2025306144][INF][DECODE] Creating buffer for 42246 bytes...
[2025306144][INF][DECODE] Buffer ready
[2025306144][INF][DECODE] Sample ready, calling ProcessInput...
[2025306145][INF][DECODE] ProcessInput returned: 0x00000000
[2025306158][INF][DECODE] Creating buffer for 2665 bytes...
[2025306158][INF][DECODE] Buffer ready
[2025306158][INF][DECODE] Sample ready, calling ProcessInput...
[2025306158][INF][DECODE] ProcessInput returned: 0x00000000
[2025306182][INF][DECODE] Creating buffer for 12220 bytes...
[2025306182][INF][DECODE] Buffer ready
[2025306182][INF][DECODE] Sample ready, calling ProcessInput...
[2025306182][INF][DECODE] ProcessInput returned: 0x00000000
[2025306198][INF][DECODE] Creating buffer for 52323 bytes...
[2025306198][INF][DECODE] Buffer ready
[2025306198][INF][DECODE] Sample ready, calling ProcessInput...
[2025306199][INF][DECODE] ProcessInput returned: 0x00000000
[2025306217][INF][DECODE] Creating buffer for 1360 bytes...
[2025306217][INF][DECODE] Buffer ready
[2025306217][INF][DECODE] Sample ready, calling ProcessInput...
[2025306217][INF][DECODE] ProcessInput returned: 0x00000000
[2025306238][INF][DECODE] Creating buffer for 6736 bytes...
[2025306239][INF][DECODE] Buffer ready
[2025306239][INF][DECODE] Sample ready, calling ProcessInput...
[2025306239][INF][DECODE] ProcessInput returned: 0x00000000
[2025306250][INF][DECODE] Creating buffer for 90030 bytes...
[2025306250][INF][DECODE] Buffer ready
[2025306250][INF][DECODE] Sample ready, calling ProcessInput...
[2025306250][INF][DECODE] ProcessInput returned: 0x00000000
[2025306272][INF][DECODE] Creating buffer for 1849 bytes...
[2025306272][INF][DECODE] Buffer ready
[2025306272][INF][DECODE] Sample ready, calling ProcessInput...
[2025306273][INF][DECODE] ProcessInput returned: 0x00000000
[2025306290][INF][DECODE] Creating buffer for 17833 bytes...
[2025306290][INF][DECODE] Buffer ready
[2025306290][INF][DECODE] Sample ready, calling ProcessInput...
[2025306291][INF][DECODE] ProcessInput returned: 0x00000000
[2025306303][INF][DECODE] Creating buffer for 39514 bytes...
[2025306303][INF][DECODE] Buffer ready
[2025306303][INF][DECODE] Sample ready, calling ProcessInput...
[2025306304][INF][DECODE] ProcessInput returned: 0x00000000
[2025306328][INF][DECODE] Creating buffer for 11479 bytes...
[2025306328][INF][DECODE] Buffer ready
[2025306328][INF][DECODE] Sample ready, calling ProcessInput...
[2025306328][INF][DECODE] ProcessInput returned: 0x00000000
[2025306345][INF][DECODE] Creating buffer for 6810 bytes...
[2025306345][INF][DECODE] Buffer ready
[2025306345][INF][DECODE] Sample ready, calling ProcessInput...
[2025306346][INF][DECODE] ProcessInput returned: 0x00000000
[2025306360][INF][DECODE] Creating buffer for 16359 bytes...
[2025306360][INF][DECODE] Buffer ready
[2025306360][INF][DECODE] Sample ready, calling ProcessInput...
[2025306360][INF][DECODE] ProcessInput returned: 0x00000000
[2025306377][INF][DECODE] Creating buffer for 3860 bytes...
[2025306377][INF][DECODE] Buffer ready
[2025306377][INF][DECODE] Sample ready, calling ProcessInput...
[2025306377][INF][DECODE] ProcessInput returned: 0x00000000
[2025306392][INF][DECODE] Creating buffer for 51801 bytes...
[2025306392][INF][DECODE] Buffer ready
[2025306392][INF][DECODE] Sample ready, calling ProcessInput...
[2025306392][INF][DECODE] ProcessInput returned: 0x00000000
[2025306436][INF][DECODE] Creating buffer for 9220 bytes...
[2025306437][INF][DECODE] Buffer ready
[2025306437][INF][DECODE] Sample ready, calling ProcessInput...
[2025306437][INF][DECODE] ProcessInput returned: 0x00000000
[2025306437][INF][DECODE] Creating buffer for 21754 bytes...
[2025306437][INF][DECODE] Buffer ready
[2025306437][INF][DECODE] Sample ready, calling ProcessInput...
[2025306437][INF][DECODE] ProcessInput returned: 0x00000000
[2025306455][INF][DECODE] Creating buffer for 27279 bytes...
[2025306455][INF][DECODE] Buffer ready
[2025306455][INF][DECODE] Sample ready, calling ProcessInput...
[2025306456][INF][DECODE] ProcessInput returned: 0x00000000
[2025306484][INF][DECODE] Creating buffer for 23831 bytes...
[2025306484][INF][DECODE] Buffer ready
[2025306484][INF][DECODE] Sample ready, calling ProcessInput...
[2025306485][INF][DECODE] ProcessInput returned: 0x00000000
[2025306518][INF][DECODE] Creating buffer for 38874 bytes...
[2025306518][INF][DECODE] Buffer ready
[2025306518][INF][DECODE] Sample ready, calling ProcessInput...
[2025306518][INF][DECODE] ProcessInput returned: 0x00000000
[2025306533][INF][DECODE] Creating buffer for 5920 bytes...
[2025306534][INF][DECODE] Buffer ready
[2025306534][INF][DECODE] Sample ready, calling ProcessInput...
[2025306534][INF][DECODE] ProcessInput returned: 0x00000000
[2025306552][INF][DECODE] Creating buffer for 8791 bytes...
[2025306552][INF][DECODE] Buffer ready
[2025306552][INF][DECODE] Sample ready, calling ProcessInput...
[2025306552][INF][DECODE] ProcessInput returned: 0x00000000
[2025306563][INF][DECODE] Creating buffer for 38830 bytes...
[2025306563][INF][DECODE] Buffer ready
[2025306563][INF][DECODE] Sample ready, calling ProcessInput...
[2025306564][INF][DECODE] ProcessInput returned: 0x00000000
